onset	duration	trial_type	value	sample
0.0045	0.045	ripple_AL1-2	35	9
0.093	0.05	ripple_PL1-2	53	186
0.3235	0.039	ripple_ER1-2	44	647
0.328	0.0275	ripple_HR1-2	50	656
0.4635	0.061	ripple_ER1-2	44	927
0.468	0.09	ripple_HR1-2	50	936
0.6025	0.079	ripple_AL1-2	35	1205
0.625	0.1175	ripple_AR1-2	38	1250
0.625	0.1175	fr_AR1-2	4	1250
0.625	0.1175	frandr_AR1-2	27	1250
0.6355	0.0315	ripple_ER1-2	44	1271
1.081	0.1365	ripple_AL1-2	35	2162
1.1565	0.134	ripple_AR1-2	38	2313
1.1565	0.134	fr_AR1-2	4	2313
1.1565	0.134	frandr_AR1-2	27	2313
1.17	0.0795	ripple_PR1-2	55	2340
1.683	0.053	ripple_PR2-3	56	3366
1.695	0.032	ripple_PR1-2	55	3390
1.964	0.03	ripple_HR1-2	50	3928
1.964	0.03	fr_HR1-2	16	3928
1.964	0.03	frandr_HR1-2	31	3928
2.0345	0.0465	ripple_AL1-2	35	4069
2.1835	0.0465	ripple_AR1-2	38	4367
2.3765	0.0515	ripple_AL1-2	35	4753
3.245	0.045	ripple_PR1-2	55	6490
4.227	0.091	ripple_AL1-2	35	8454
4.2985	0.0775	ripple_AR1-2	38	8597
4.617	0.047	ripple_AR1-2	38	9234
4.686	0.047	ripple_HR1-2	50	9372
5.3345	0.04	ripple_HR1-2	50	10669
5.642	0.011	fr_HR3-4	18	11284
5.767	0.0195	fr_AL1-2	1	11534
5.847	0.0385	ripple_AR1-2	38	11694
5.8675	0.0545	ripple_AL2-3	36	11735
6.035	0.0405	ripple_AR1-2	38	12070
6.046	0.035	ripple_HR1-2	50	12092
6.538	0.025	fr_HR1-2	16	13076
6.611	0.0955	ripple_AL1-2	35	13222
7.2425	0.0405	ripple_ER1-2	44	14485
7.31	0.0645	ripple_ER1-2	44	14620
7.3105	0.072	ripple_HR2-3	51	14621
7.3165	0.05	ripple_ER2-3	45	14633
7.3175	0.0995	ripple_AR2-3	39	14635
7.3175	0.0995	fr_AR2-3	5	14635
7.3175	0.0995	frandr_AR2-3	28	14635
7.32	0.0275	fr_AR1-2	4	14640
7.32	0.1135	ripple_AR3-4	40	14640
7.3205	0.0785	ripple_PR1-2	55	14641
7.3205	0.0785	fr_PR1-2	22	14641
7.3205	0.0785	frandr_PR1-2	33	14641
7.322	0.046	ripple_PR2-3	56	14644
7.337	0.014	fr_HR1-2	16	14674
7.4215	0.0825	ripple_HR1-2	50	14843
7.4365	0.18	ripple_AR1-2	38	14873
7.4365	0.18	fr_AR1-2	4	14873
7.4365	0.18	frandr_AR1-2	27	14873
7.475	0.0635	ripple_AL2-3	36	14950
7.488	0.0635	ripple_PL1-2	53	14976
7.4885	0.0665	fr_AL1-2	1	14977
7.4895	0.0145	fr_PR1-2	22	14979
7.509	0.034	ripple_PL2-3	54	15018
7.538	0.1105	ripple_PR1-2	55	15076
7.538	0.1105	fr_PR1-2	22	15076
7.538	0.1105	frandr_PR1-2	33	15076
7.549	0.0615	ripple_PR2-3	56	15098
7.665	0.0755	ripple_HR1-2	50	15330
7.6725	0.056	ripple_ER1-2	44	15345
7.684	0.033	ripple_ER2-3	45	15368
7.6995	0.0585	ripple_AL1-2	35	15399
7.782	0.1555	ripple_AR1-2	38	15564
7.782	0.1555	fr_AR1-2	4	15564
7.782	0.1555	frandr_AR1-2	27	15564
7.8135	0.0355	ripple_PR2-3	56	15627
7.848	0.05	ripple_HR1-2	50	15696
8.399	0.0115	fr_ER1-2	10	16798
9.084	0.0385	ripple_HR1-2	50	18168
9.71	0.01	fr_EL3-4	9	19420
9.828	0.0385	ripple_PR1-2	55	19656
9.8325	0.0325	ripple_AR2-3	39	19665
9.8345	0.0395	ripple_AR1-2	38	19669
9.8365	0.042	ripple_PR3-4	57	19673
9.8535	0.049	ripple_PL1-2	53	19707
9.874	0.0725	ripple_AL1-2	35	19748
9.9025	0.0225	fr_AR1-2	4	19805
10.6205	0.0235	fr_AL1-2	1	21241
10.7675	0.0135	fr_HR2-3	17	21535
11.011	0.08	ripple_ER1-2	44	22022
11.1555	0.0475	ripple_PR1-2	55	22311
11.2215	0.084	fr_PR1-2	22	22443
11.2235	0.069	ripple_PR2-3	56	22447
11.2235	0.069	fr_PR2-3	23	22447
11.2235	0.069	frandr_PR2-3	34	22447
11.2565	0.1745	ripple_AR1-2	38	22513
11.278	0.0335	ripple_HR1-2	50	22556
11.3615	0.1075	ripple_HR1-2	50	22723
11.3615	0.1075	fr_HR1-2	16	22723
11.3615	0.1075	frandr_HR1-2	31	22723
11.379	0.0835	ripple_ER1-2	44	22758
11.379	0.0835	fr_ER1-2	10	22758
11.379	0.0835	frandr_ER1-2	29	22758
11.3855	0.049	ripple_HR2-3	51	22771
11.859	0.056	ripple_AL1-2	35	23718
11.9945	0.0495	ripple_AL1-2	35	23989
11.9945	0.0495	fr_AL1-2	1	23989
11.9945	0.0495	frandr_AL1-2	25	23989
12.111	0.0825	ripple_HR1-2	50	24222
12.118	0.0345	ripple_ER1-2	44	24236
12.1735	0.0135	fr_PR3-4	24	24347
12.2855	0.069	ripple_HR1-2	50	24571
12.295	0.051	ripple_ER1-2	44	24590
12.912	0.0505	ripple_AL2-3	36	25824
12.9415	0.0395	ripple_ER1-2	44	25883
13.539	0.042	ripple_HR1-2	50	27078
13.6445	0.045	ripple_PL1-2	53	27289
13.844	0.059	ripple_ER1-2	44	27688
13.8525	0.0615	ripple_HR1-2	50	27705
13.88	0.039	ripple_HR2-3	51	27760
13.954	0.049	ripple_PL1-2	53	27908
13.961	0.12	ripple_AR1-2	38	27922
14.0025	0.0365	ripple_HR1-2	50	28005
14.065	0.095	ripple_HR1-2	50	28130
14.072	0.0695	ripple_ER1-2	44	28144
14.2615	0.0395	ripple_PR1-2	55	28523
14.3265	0.0145	fr_HR3-4	18	28653
14.362	0.011	fr_HL1-2	13	28724
14.4265	0.0425	ripple_ER1-2	44	28853
14.4275	0.042	ripple_HR1-2	50	28855
14.4615	0.014	fr_EL2-3	8	28923
14.943	0.0425	ripple_AL1-2	35	29886
15.2545	0.138	ripple_AL1-2	35	30509
15.2645	0.1745	ripple_HL1-2	47	30529
15.2805	0.0425	ripple_HR1-2	50	30561
15.2915	0.1415	ripple_HL2-3	48	30583
15.292	0.0855	ripple_PL1-2	53	30584
15.2975	0.095	ripple_AL3-4	37	30595
15.3165	0.082	ripple_AL2-3	36	30633
15.351	0.073	ripple_HL3-4	49	30702
15.3745	0.0405	ripple_EL3-4	43	30749
15.3815	0.0175	fr_ER3-4	12	30763
15.39	0.054	ripple_AR1-2	38	30780
15.5305	0.088	ripple_HL1-2	47	31061
15.793	0.0505	ripple_PL1-2	53	31586
16.022	0.1275	ripple_HR1-2	50	32044
16.1	0.047	ripple_HR2-3	51	32200
16.2115	0.073	ripple_HR1-2	50	32423
16.2195	0.0555	ripple_AR1-2	38	32439
16.2205	0.05	ripple_ER2-3	45	32441
16.2235	0.059	ripple_ER1-2	44	32447
16.224	0.041	ripple_ER3-4	46	32448
16.228	0.0555	ripple_HR2-3	51	32456
16.4495	0.0505	ripple_AR1-2	38	32899
16.537	0.092	ripple_PR2-3	56	33074
16.537	0.092	fr_PR2-3	23	33074
16.537	0.092	frandr_PR2-3	34	33074
16.556	0.1085	fr_PR1-2	22	33112
16.621	0.061	ripple_HR1-2	50	33242
16.6245	0.064	fr_AR1-2	4	33249
16.9085	0.012	fr_HR1-2	16	33817
17.427	0.0375	ripple_AR1-2	38	34854
17.805	0.059	ripple_HR1-2	50	35610
17.9335	0.095	ripple_HR2-3	51	35867
17.9525	0.0835	ripple_HR1-2	50	35905
17.9545	0.0345	ripple_ER1-2	44	35909
18.0785	0.0285	ripple_PR1-2	55	36157
18.0785	0.0285	fr_PR1-2	22	36157
18.0785	0.0285	frandr_PR1-2	33	36157
18.152	0.057	ripple_PR2-3	56	36304
18.152	0.057	fr_PR2-3	23	36304
18.152	0.057	frandr_PR2-3	34	36304
18.159	0.0535	fr_PR1-2	22	36318
18.1615	0.125	ripple_HR1-2	50	36323
18.174	0.0345	ripple_HR2-3	51	36348
18.221	0.056	ripple_ER1-2	44	36442
18.2955	0.0125	fr_PR1-2	22	36591
18.3625	0.0575	ripple_HR1-2	50	36725
18.3735	0.039	ripple_ER2-3	45	36747
18.3755	0.0425	ripple_ER1-2	44	36751
18.4935	0.039	ripple_ER1-2	44	36987
18.5025	0.075	ripple_HR1-2	50	37005
18.5035	0.0655	ripple_HR2-3	51	37007
18.635	0.0475	ripple_AR1-2	38	37270
18.715	0.062	ripple_AR1-2	38	37430
18.9335	0.091	ripple_AL1-2	35	37867
18.975	0.0105	fr_HR3-4	18	37950
19.1035	0.081	ripple_PR1-2	55	38207
19.1035	0.081	fr_PR1-2	22	38207
19.1035	0.081	frandr_PR1-2	33	38207
19.1085	0.0515	ripple_PR2-3	56	38217
19.14	0.1095	ripple_AR1-2	38	38280
19.689	0.1725	ripple_AL1-2	35	39378
19.6965	0.0425	ripple_AR1-2	38	39393
19.7675	0.0355	ripple_AL2-3	36	39535
19.9285	0.0365	ripple_HR1-2	50	39857
20.1285	0.0775	ripple_AR1-2	38	40257
20.721	0.0125	fr_ER1-2	10	41442
21.2675	0.031	ripple_HR1-2	50	42535
21.5105	0.067	ripple_HR1-2	50	43021
21.5215	0.0565	ripple_ER1-2	44	43043
21.6495	0.1155	ripple_AR1-2	38	43299
21.717	0.034	ripple_AR2-3	39	43434
21.7225	0.0475	ripple_HR1-2	50	43445
21.7255	0.04	ripple_PR2-3	56	43451
21.8975	0.035	ripple_HR1-2	50	43795
22.02	0.0665	ripple_AL1-2	35	44040
22.1995	0.0365	ripple_HR1-2	50	44399
22.1995	0.0365	fr_HR1-2	16	44399
22.1995	0.0365	frandr_HR1-2	31	44399
22.379	0.0125	fr_PL1-2	19	44758
22.4575	0.0895	ripple_ER2-3	45	44915
22.4585	0.1055	ripple_HR1-2	50	44917
22.459	0.0955	ripple_ER1-2	44	44918
22.4715	0.07	ripple_HR2-3	51	44943
22.515	0.086	ripple_AL1-2	35	45030
22.836	0.011	fr_EL1-2	7	45672
23.878	0.111	ripple_AR1-2	38	47756
23.971	0.0345	ripple_AR2-3	39	47942
24.382	0.013	fr_ER1-2	10	48764
24.8075	0.04	ripple_AL1-2	35	49615
25.045	0.1065	ripple_HR1-2	50	50090
25.073	0.052	ripple_ER2-3	45	50146
25.091	0.0375	ripple_HR2-3	51	50182
25.0995	0.0415	ripple_AR1-2	38	50199
25.295	0.0405	ripple_PR1-2	55	50590
25.631	0.0595	ripple_AR1-2	38	51262
25.9445	0.1025	ripple_ER1-2	44	51889
25.951	0.0775	ripple_HR1-2	50	51902
25.957	0.059	ripple_ER2-3	45	51914
25.965	0.0565	ripple_PR1-2	55	51930
25.965	0.0565	fr_PR1-2	22	51930
25.965	0.0565	frandr_PR1-2	33	51930
25.972	0.041	fr_AR1-2	4	51944
25.9745	0.039	ripple_PR2-3	56	51949
26.089	0.041	ripple_ER1-2	44	52178
26.172	0.041	ripple_ER1-2	44	52344
26.1765	0.0355	ripple_HR1-2	50	52353
26.1835	0.044	ripple_PR2-3	56	52367
26.5915	0.0585	ripple_ER1-2	44	53183
26.5915	0.096	ripple_HR1-2	50	53183
26.606	0.0405	ripple_ER2-3	45	53212
26.6205	0.0555	ripple_HR2-3	51	53241
26.747	0.052	ripple_ER1-2	44	53494
26.755	0.0565	ripple_HR1-2	50	53510
26.8645	0.038	ripple_PR1-2	55	53729
27.236	0.035	ripple_AL1-2	35	54472
27.2695	0.0795	ripple_AL2-3	36	54539
27.3675	0.0185	fr_HR1-2	16	54735
27.533	0.0475	ripple_AL1-2	35	55066
28.0165	0.0545	ripple_AR2-3	39	56033
28.3545	0.042	ripple_HR1-2	50	56709
28.375	0.1545	ripple_HL1-2	47	56750
28.4055	0.0315	fr_AL1-2	1	56811
28.411	0.088	ripple_HL2-3	48	56822
28.4335	0.0875	ripple_AL3-4	37	56867
28.4355	0.057	ripple_EL2-3	42	56871
28.437	0.055	ripple_PL1-2	53	56874
28.437	0.055	fr_PL1-2	19	56874
28.437	0.055	frandr_PL1-2	32	56874
28.4375	0.0635	fr_AL2-3	2	56875
28.4425	0.058	ripple_HL3-4	49	56885
28.4525	0.045	ripple_PL2-3	54	56905
28.455	0.0355	ripple_EL1-2	41	56910
28.4595	0.035	fr_AL1-2	1	56919
28.4995	0.069	ripple_AR1-2	38	56999
28.58	0.051	ripple_HR1-2	50	57160
29.279	0.0515	ripple_AR1-2	38	58558
29.29	0.035	ripple_HR1-2	50	58580
29.302	0.047	ripple_AL1-2	35	58604
29.367	0.012	fr_ER3-4	12	58734
29.3925	0.0635	ripple_EL1-2	41	58785
29.4145	0.035	ripple_AR2-3	39	58829
29.876	0.011	fr_HL3-4	15	59752
30.4415	0.1115	ripple_PR1-2	55	60883
30.4415	0.1115	fr_PR1-2	22	60883
30.4415	0.1115	frandr_PR1-2	33	60883
30.4735	0.011	fr_ER1-2	10	60947
30.4895	0.0585	ripple_PR2-3	56	60979
30.4895	0.0585	fr_PR2-3	23	60979
30.4895	0.0585	frandr_PR2-3	34	60979
30.52	0.0245	ripple_AR1-2	38	61040
30.593	0.045	ripple_HR1-2	50	61186
30.708	0.0465	ripple_AR1-2	38	61416
30.72	0.1345	ripple_HR1-2	50	61440
30.7205	0.0105	fr_ER3-4	12	61441
30.807	0.0485	ripple_ER1-2	44	61614
30.836	0.076	ripple_AL1-2	35	61672
31.155	0.0495	ripple_HR1-2	50	62310
31.6165	0.1215	ripple_EL2-3	42	63233
31.629	0.0965	ripple_HL1-2	47	63258
31.629	0.0965	fr_HL1-2	13	63258
31.629	0.0965	frandr_HL1-2	30	63258
31.6295	0.095	ripple_HL3-4	49	63259
31.6445	0.065	ripple_HL2-3	48	63289
31.6465	0.033	ripple_EL1-2	41	63293
31.6465	0.108	ripple_AL2-3	36	63293
31.6465	0.108	fr_AL2-3	2	63293
31.6465	0.108	frandr_AL2-3	26	63293
31.6525	0.0905	ripple_AL3-4	37	63305
31.656	0.0765	ripple_AL1-2	35	63312
31.662	0.077	ripple_PL1-2	53	63324
31.662	0.077	fr_PL1-2	19	63324
31.662	0.077	frandr_PL1-2	32	63324
31.6665	0.0615	ripple_PL2-3	54	63333
32.0865	0.046	ripple_AR1-2	38	64173
32.3265	0.0605	ripple_AL1-2	35	64653
32.3265	0.0605	fr_AL1-2	1	64653
32.3265	0.0605	frandr_AL1-2	25	64653
32.4325	0.0405	ripple_AL1-2	35	64865
32.488	0.037	ripple_ER2-3	45	64976
32.568	0.038	ripple_ER1-2	44	65136
32.5795	0.0305	fr_HR1-2	16	65159
32.7525	0.0665	ripple_AL1-2	35	65505
32.7695	0.037	ripple_AL3-4	37	65539
32.9345	0.047	ripple_AR2-3	39	65869
33.0065	0.0625	ripple_AL1-2	35	66013
33.4935	0.054	ripple_AL1-2	35	66987
33.531	0.0365	ripple_AL3-4	37	67062
33.741	0.0485	ripple_HR1-2	50	67482
33.813	0.0435	ripple_AR1-2	38	67626
33.8245	0.087	ripple_HR1-2	50	67649
33.87	0.033	ripple_HR2-3	51	67740
34.341	0.0165	fr_HR3-4	18	68682
34.4115	0.0425	ripple_HR1-2	50	68823
34.727	0.0395	ripple_PL1-2	53	69454
35.1545	0.059	ripple_AR1-2	38	70309
35.177	0.0115	fr_HR1-2	16	70354
35.8145	0.04	ripple_PL1-2	53	71629
36.0635	0.0595	ripple_AR2-3	39	72127
36.4	0.0435	ripple_PL1-2	53	72800
36.431	0.139	ripple_PR1-2	55	72862
36.4475	0.039	ripple_AR1-2	38	72895
37.425	0.0495	ripple_AR2-3	39	74850
37.4345	0.035	ripple_AR1-2	38	74869
37.8845	0.0435	ripple_AR1-2	38	75769
38.0635	0.0835	ripple_HR1-2	50	76127
38.097	0.039	ripple_ER1-2	44	76194
38.1465	0.0365	ripple_AL1-2	35	76293
38.563	0.0415	ripple_HR1-2	50	77126
38.5665	0.0425	ripple_ER1-2	44	77133
38.651	0.0705	ripple_ER1-2	44	77302
38.6615	0.1	ripple_HR1-2	50	77323
38.776	0.077	ripple_PR1-2	55	77552
38.859	0.0455	ripple_PR2-3	56	77718
39.5675	0.0645	ripple_PL1-2	53	79135
39.63	0.0125	fr_HL1-2	13	79260
40.606	0.0125	fr_PR3-4	24	81212
40.6335	0.057	ripple_AL1-2	35	81267
43.6305	0.1	ripple_AL1-2	35	87261
43.739	0.038	ripple_PL1-2	53	87478
43.9505	0.086	ripple_PR1-2	55	87901
44.0975	0.04	ripple_HR1-2	50	88195
44.1085	0.046	ripple_AR1-2	38	88217
44.984	0.046	ripple_AR1-2	38	89968
45.222	0.073	fr_PR1-2	22	90444
45.2235	0.11	ripple_AR1-2	38	90447
45.2265	0.0685	ripple_PR2-3	56	90453
45.2265	0.0685	fr_PR2-3	23	90453
45.2265	0.0685	frandr_PR2-3	34	90453
45.2495	0.036	ripple_PR3-4	57	90499
45.469	0.0445	ripple_HR1-2	50	90938
45.62	0.034	ripple_PR2-3	56	91240
45.718	0.119	ripple_HR1-2	50	91436
45.738	0.077	ripple_HR2-3	51	91476
45.7855	0.04	ripple_ER1-2	44	91571
45.886	0.0405	ripple_ER1-2	44	91772
45.8875	0.04	ripple_HR1-2	50	91775
46.126	0.0555	ripple_AL1-2	35	92252
46.163	0.0425	ripple_AR1-2	38	92326
46.1745	0.0295	ripple_HR1-2	50	92349
46.2395	0.0465	ripple_PR1-2	55	92479
46.4485	0.045	ripple_ER1-2	44	92897
46.4485	0.0625	ripple_HR1-2	50	92897
46.735	0.012	fr_EL3-4	9	93470
46.8435	0.0565	ripple_PR1-2	55	93687
47.1145	0.0435	ripple_HR1-2	50	94229
47.116	0.051	ripple_ER1-2	44	94232
47.1865	0.068	ripple_HR1-2	50	94373
47.2065	0.037	ripple_ER1-2	44	94413
47.298	0.0345	ripple_AL1-2	35	94596
47.3065	0.036	ripple_ER1-2	44	94613
47.3115	0.0625	ripple_HR1-2	50	94623
47.3115	0.0625	fr_HR1-2	16	94623
47.3115	0.0625	frandr_HR1-2	31	94623
47.325	0.0445	ripple_AR2-3	39	94650
47.3255	0.0475	ripple_PR1-2	55	94651
47.3395	0.0325	fr_AR1-2	4	94679
47.393	0.048	ripple_PR1-2	55	94786
47.481	0.031	ripple_ER1-2	44	94962
47.571	0.01	fr_HR1-2	16	95142
47.5935	0.01	fr_ER3-4	12	95187
47.8155	0.0585	ripple_AL1-2	35	95631
47.8155	0.0585	fr_AL1-2	1	95631
47.8155	0.0585	frandr_AL1-2	25	95631
48.335	0.089	ripple_AR1-2	38	96670
48.3785	0.0295	fr_HR1-2	16	96757
48.3955	0.0785	ripple_PR1-2	55	96791
48.8625	0.034	ripple_PR1-2	55	97725
49.917	0.0135	fr_PR2-3	23	99834
50.079	0.086	ripple_PR2-3	56	100158
50.079	0.086	fr_PR2-3	23	100158
50.079	0.086	frandr_PR2-3	34	100158
50.087	0.08	fr_PR1-2	22	100174
50.092	0.0915	ripple_AL1-2	35	100184
50.12	0.1185	ripple_AR1-2	38	100240
50.12	0.1185	fr_AR1-2	4	100240
50.12	0.1185	frandr_AR1-2	27	100240
50.2605	0.099	ripple_ER1-2	44	100521
50.2705	0.0835	ripple_HR1-2	50	100541
50.2725	0.0405	ripple_AL1-2	35	100545
50.2755	0.0715	ripple_HR2-3	51	100551
50.308	0.0985	ripple_AR1-2	38	100616
50.3115	0.039	ripple_HR3-4	52	100623
50.3555	0.0835	ripple_PR1-2	55	100711
50.527	0.0595	ripple_HR1-2	50	101054
50.532	0.029	ripple_AR2-3	39	101064
50.5365	0.035	ripple_PR1-2	55	101073
50.5365	0.035	fr_PR1-2	22	101073
50.5365	0.035	frandr_PR1-2	33	101073
51.1615	0.013	fr_AL1-2	1	102323
51.6115	0.078	ripple_AL1-2	35	103223
52.151	0.0155	fr_EL3-4	9	104302
52.3235	0.036	ripple_AR1-2	38	104647
52.509	0.019	fr_HR2-3	17	105018
52.519	0.0465	ripple_PR1-2	55	105038
52.656	0.0825	ripple_HR1-2	50	105312
52.752	0.0425	ripple_AL1-2	35	105504
52.952	0.061	ripple_ER1-2	44	105904
52.9535	0.054	ripple_HR1-2	50	105907
53.0985	0.068	ripple_AL2-3	36	106197
53.1195	0.093	ripple_AR1-2	38	106239
53.1195	0.093	fr_AR1-2	4	106239
53.1195	0.093	frandr_AR1-2	27	106239
53.148	0.151	ripple_PR1-2	55	106296
53.148	0.151	fr_PR1-2	22	106296
53.148	0.151	frandr_PR1-2	33	106296
53.252	0.0315	ripple_AL2-3	36	106504
54.2815	0.1445	ripple_AL1-2	35	108563
54.2815	0.1445	fr_AL1-2	1	108563
54.2815	0.1445	frandr_AL1-2	25	108563
54.304	0.0875	ripple_ER1-2	44	108608
54.3135	0.092	ripple_HR1-2	50	108627
54.3135	0.092	fr_HR1-2	16	108627
54.3135	0.092	frandr_HR1-2	31	108627
54.3255	0.077	ripple_HR2-3	51	108651
54.3535	0.0145	fr_HL2-3	14	108707
54.5605	0.053	fr_PR1-2	22	109121
54.58	0.0255	ripple_PR2-3	56	109160
54.58	0.0255	fr_PR2-3	23	109160
54.58	0.0255	frandr_PR2-3	34	109160
54.6215	0.0445	ripple_PR1-2	55	109243
54.653	0.0325	ripple_AR2-3	39	109306
54.6575	0.1775	ripple_HR1-2	50	109315
54.6645	0.0425	ripple_ER1-2	44	109329
54.7595	0.053	ripple_ER1-2	44	109519
54.883	0.0385	ripple_HR1-2	50	109766
55.002	0.038	ripple_HR1-2	50	110004
55.737	0.0525	ripple_AL1-2	35	111474
55.9565	0.013	fr_AL3-4	3	111913
56.337	0.049	ripple_PR2-3	56	112674
56.5355	0.011	fr_EL2-3	8	113071
56.768	0.036	ripple_AL2-3	36	113536
56.7895	0.0355	ripple_AL1-2	35	113579
56.79	0.011	fr_EL2-3	8	113580
57.681	0.0135	fr_HR1-2	16	115362
57.942	0.033	ripple_ER1-2	44	115884
58.0185	0.083	ripple_HR1-2	50	116037
58.0205	0.0555	ripple_HR2-3	51	116041
58.0335	0.046	ripple_ER1-2	44	116067
58.035	0.05	ripple_ER2-3	45	116070
58.1355	0.0475	ripple_PR1-2	55	116271
58.2275	0.0425	ripple_AR1-2	38	116455
58.7985	0.0895	ripple_AL1-2	35	117597
58.9895	0.0375	ripple_AR1-2	38	117979
59.351	0.0395	ripple_HR1-2	50	118702
59.3695	0.0535	ripple_PL1-2	53	118739
59.4645	0.0515	ripple_AR1-2	38	118929
59.5855	0.011	fr_AL2-3	2	119171
59.613	0.0405	ripple_AL1-2	35	119226
59.6835	0.038	ripple_AL1-2	35	119367
59.825	0.0115	fr_EL3-4	9	119650
59.882	0.0465	ripple_AL1-2	35	119764
60.1845	0.087	ripple_AL1-2	35	120369
60.2335	0.0665	ripple_AR1-2	38	120467
60.3015	0.0495	ripple_AL1-2	35	120603
60.3745	0.0415	ripple_ER1-2	44	120749
60.4775	0.0585	ripple_HR1-2	50	120955
60.4845	0.044	ripple_ER1-2	44	120969
61.307	0.0375	ripple_EL2-3	42	122614
61.58	0.064	ripple_ER1-2	44	123160
61.593	0.0675	ripple_HR2-3	51	123186
61.5965	0.0855	ripple_HR1-2	50	123193
61.625	0.0415	ripple_AL1-2	35	123250
61.6525	0.0125	fr_PL2-3	20	123305
62.2565	0.0165	fr_HR1-2	16	124513
63.003	0.038	ripple_PL1-2	53	126006
63.137	0.09	ripple_HR1-2	50	126274
63.1585	0.0645	ripple_ER2-3	45	126317
63.1625	0.061	ripple_HR2-3	51	126325
63.17	0.0355	ripple_HR3-4	52	126340
63.7375	0.012	fr_AL3-4	3	127475
63.8565	0.0395	ripple_HR1-2	50	127713
64.2505	0.035	ripple_HR1-2	50	128501
64.6335	0.0315	ripple_AL1-2	35	129267
64.65	0.0225	fr_PL3-4	21	129300
64.656	0.066	ripple_HR1-2	50	129312
64.6615	0.0115	fr_PL2-3	20	129323
64.6745	0.0175	fr_ER1-2	10	129349
64.7335	0.0355	ripple_AL1-2	35	129467
64.964	0.121	ripple_AR1-2	38	129928
65.0215	0.031	ripple_ER1-2	44	130043
65.167	0.065	ripple_PR1-2	55	130334
65.178	0.039	ripple_AL2-3	36	130356
65.2405	0.0365	ripple_HR1-2	50	130481
65.277	0.043	ripple_PL1-2	53	130554
65.363	0.0385	ripple_PR2-3	56	130726
65.623	0.0105	fr_AL1-2	1	131246
65.855	0.0135	fr_ER1-2	10	131710
65.9515	0.0355	ripple_PR1-2	55	131903
66.3035	0.064	ripple_AR1-2	38	132607
66.312	0.039	ripple_PR2-3	56	132624
66.323	0.041	ripple_AR2-3	39	132646
66.323	0.05	ripple_PR1-2	55	132646
66.3335	0.0315	ripple_HR1-2	50	132667
66.3335	0.0315	fr_HR1-2	16	132667
66.3335	0.0315	frandr_HR1-2	31	132667
66.3855	0.041	ripple_PR2-3	56	132771
66.4625	0.0685	ripple_AR1-2	38	132925
66.6	0.0795	ripple_AL1-2	35	133200
67.058	0.1135	ripple_AR1-2	38	134116
67.08	0.046	ripple_PR2-3	56	134160
67.0905	0.018	fr_HR1-2	16	134181
67.1185	0.0525	ripple_AR2-3	39	134237
67.701	0.051	ripple_HR1-2	50	135402
67.9575	0.1195	ripple_HR1-2	50	135915
67.96	0.05	ripple_ER1-2	44	135920
67.9725	0.0745	ripple_AL1-2	35	135945
67.994	0.0745	ripple_AR1-2	38	135988
68.0945	0.1275	ripple_AL1-2	35	136189
68.105	0.057	ripple_AR1-2	38	136210
68.1175	0.05	ripple_HR1-2	50	136235
68.129	0.016	fr_ER1-2	10	136258
68.229	0.039	ripple_PR1-2	55	136458
68.2585	0.087	ripple_HR1-2	50	136517
68.2595	0.052	ripple_AL1-2	35	136519
68.2705	0.08	ripple_ER1-2	44	136541
68.3875	0.0395	ripple_PR1-2	55	136775
68.3875	0.0395	fr_PR1-2	22	136775
68.3875	0.0395	frandr_PR1-2	33	136775
68.4105	0.079	ripple_HR1-2	50	136821
68.414	0.042	fr_AR1-2	4	136828
68.5485	0.0385	ripple_HR1-2	50	137097
68.6435	0.0135	fr_AL2-3	2	137287
68.646	0.018	fr_AL1-2	1	137292
69.1815	0.059	ripple_HR1-2	50	138363
69.1935	0.0345	ripple_ER2-3	45	138387
69.1985	0.045	ripple_ER1-2	44	138397
69.2035	0.1595	ripple_AL1-2	35	138407
69.2035	0.1595	fr_AL1-2	1	138407
69.2035	0.1595	frandr_AL1-2	25	138407
69.2135	0.057	ripple_AL2-3	36	138427
69.233	0.051	ripple_HL1-2	47	138466
70.0945	0.089	ripple_ER1-2	44	140189
70.128	0.0765	ripple_HR1-2	50	140256
70.5395	0.095	ripple_AL1-2	35	141079
70.5775	0.036	ripple_HL1-2	47	141155
70.586	0.0165	fr_PL1-2	19	141172
70.6955	0.0145	fr_EL1-2	7	141391
70.7745	0.054	ripple_AR1-2	38	141549
70.7915	0.0505	ripple_PR2-3	56	141583
71.244	0.102	ripple_AR1-2	38	142488
71.741	0.0165	fr_HR2-3	17	143482
72.3015	0.017	fr_EL2-3	8	144603
72.46	0.055	ripple_HR1-2	50	144920
73.0865	0.077	ripple_AL1-2	35	146173
73.0865	0.077	fr_AL1-2	1	146173
73.0865	0.077	frandr_AL1-2	25	146173
74.067	0.0835	ripple_AR1-2	38	148134
74.0765	0.059	ripple_PR1-2	55	148153
74.5055	0.0265	ripple_HR1-2	50	149011
74.533	0.083	ripple_AR1-2	38	149066
74.634	0.054	ripple_PR1-2	55	149268
74.6395	0.0295	ripple_AR2-3	39	149279
74.6485	0.037	fr_AR1-2	4	149297
74.7615	0.018	fr_PR3-4	24	149523
75.341	0.053	ripple_HR1-2	50	150682
75.4155	0.047	ripple_AL2-3	36	150831
75.4155	0.047	fr_AL2-3	2	150831
75.4155	0.047	frandr_AL2-3	26	150831
75.42	0.0985	ripple_HR1-2	50	150840
75.42	0.0985	fr_HR1-2	16	150840
75.42	0.0985	frandr_HR1-2	31	150840
75.449	0.0495	ripple_ER1-2	44	150898
75.5105	0.1885	ripple_AL1-2	35	151021
75.5105	0.1885	fr_AL1-2	1	151021
75.5105	0.1885	frandr_AL1-2	25	151021
75.557	0.01	fr_HL2-3	14	151114
75.6025	0.078	ripple_AL2-3	36	151205
75.6205	0.0465	ripple_PL1-2	53	151241
75.6225	0.0125	fr_AL3-4	3	151245
75.7305	0.0615	ripple_AR1-2	38	151461
75.7865	0.0105	fr_PR1-2	22	151573
75.8165	0.0825	ripple_PR2-3	56	151633
75.817	0.0765	fr_PR1-2	22	151634
75.855	0.0945	ripple_AR1-2	38	151710
75.8775	0.0545	ripple_AR2-3	39	151755
76.016	0.0465	ripple_HR1-2	50	152032
76.018	0.0385	ripple_ER1-2	44	152036
76.3525	0.1015	ripple_AR1-2	38	152705
76.3575	0.164	ripple_HR1-2	50	152715
76.3575	0.164	fr_HR1-2	16	152715
76.3575	0.164	frandr_HR1-2	31	152715
76.3675	0.027	ripple_ER1-2	44	152735
76.37	0.1595	ripple_AR2-3	39	152740
76.37	0.1595	fr_AR2-3	5	152740
76.37	0.1595	frandr_AR2-3	28	152740
76.4455	0.0665	fr_PR1-2	22	152891
76.447	0.0685	ripple_AR3-4	40	152894
76.4485	0.0475	ripple_ER2-3	45	152897
77.4935	0.0755	ripple_AR1-2	38	154987
77.4935	0.0755	fr_AR1-2	4	154987
77.4935	0.0755	frandr_AR1-2	27	154987
77.785	0.0425	ripple_AR1-2	38	155570
77.9635	0.0405	ripple_PR1-2	55	155927
78.323	0.041	ripple_HR1-2	50	156646
78.5945	0.0415	ripple_ER1-2	44	157189
78.7355	0.0645	ripple_AR1-2	38	157471
78.752	0.0615	ripple_HR1-2	50	157504
78.774	0.076	ripple_AL1-2	35	157548
78.887	0.0715	ripple_AR1-2	38	157774
79.2475	0.049	ripple_ER1-2	44	158495
79.259	0.041	ripple_HR1-2	50	158518
79.3595	0.0645	ripple_PR1-2	55	158719
79.383	0.038	ripple_ER1-2	44	158766
79.8415	0.055	ripple_HL3-4	49	159683
79.8485	0.0475	ripple_EL3-4	43	159697
79.9165	0.0905	ripple_AL1-2	35	159833
79.955	0.0285	ripple_PL1-2	53	159910
80.162	0.057	ripple_HR1-2	50	160324
80.172	0.048	ripple_HR2-3	51	160344
80.4165	0.0585	ripple_HR1-2	50	160833
80.421	0.044	ripple_ER1-2	44	160842
80.633	0.0365	ripple_AL1-2	35	161266
80.734	0.036	ripple_PL1-2	53	161468
81.2055	0.044	ripple_HR1-2	50	162411
81.2825	0.085	ripple_PR1-2	55	162565
81.302	0.0385	fr_HR1-2	16	162604
81.312	0.018	fr_AR1-2	4	162624
81.354	0.053	ripple_AR1-2	38	162708
81.436	0.0125	fr_EL1-2	7	162872
81.4415	0.0105	fr_PL1-2	19	162883
82.3885	0.04	ripple_AL1-2	35	164777
82.976	0.086	ripple_EL1-2	41	165952
83.0185	0.014	fr_HR1-2	16	166037
83.0345	0.081	ripple_AL1-2	35	166069
83.21	0.053	ripple_ER1-2	44	166420
83.214	0.038	ripple_HR1-2	50	166428
83.2485	0.0145	fr_ER3-4	12	166497
83.549	0.039	ripple_AL1-2	35	167098
83.8315	0.0675	ripple_PR2-3	56	167663
83.8555	0.026	ripple_ER1-2	44	167711
84.53	0.063	ripple_HR1-2	50	169060
84.5325	0.055	ripple_ER1-2	44	169065
84.5815	0.0925	ripple_AL1-2	35	169163
84.5815	0.0925	fr_AL1-2	1	169163
84.5815	0.0925	frandr_AL1-2	25	169163
84.5995	0.109	ripple_AL2-3	36	169199
84.616	0.054	ripple_HL2-3	48	169232
84.6185	0.0735	ripple_AL3-4	37	169237
84.6195	0.065	ripple_PL1-2	53	169239
84.666	0.0455	ripple_HL1-2	47	169332
84.895	0.012	fr_HR3-4	18	169790
84.8985	0.042	ripple_ER1-2	44	169797
84.9065	0.1245	ripple_HR1-2	50	169813
84.942	0.078	ripple_HR2-3	51	169884
84.9715	0.0405	ripple_ER2-3	45	169943
84.972	0.0425	ripple_ER1-2	44	169944
85.0205	0.043	ripple_PR2-3	56	170041
85.0485	0.1295	ripple_AR1-2	38	170097
85.0485	0.1295	fr_AR1-2	4	170097
85.0485	0.1295	frandr_AR1-2	27	170097
85.0855	0.053	ripple_ER1-2	44	170171
85.095	0.037	ripple_HR1-2	50	170190
85.097	0.068	ripple_PR1-2	55	170194
85.097	0.068	fr_PR1-2	22	170194
85.097	0.068	frandr_PR1-2	33	170194
85.3235	0.0115	fr_PR2-3	23	170647
85.366	0.0695	ripple_HR1-2	50	170732
85.5365	0.0585	ripple_HR2-3	51	171073
85.537	0.0715	ripple_HR1-2	50	171074
85.537	0.0715	fr_HR1-2	16	171074
85.537	0.0715	frandr_HR1-2	31	171074
85.555	0.064	ripple_AR1-2	38	171110
86.1495	0.01	fr_HL1-2	13	172299
86.8155	0.076	ripple_HR1-2	50	173631
86.8155	0.076	fr_HR1-2	16	173631
86.8155	0.076	frandr_HR1-2	31	173631
86.826	0.069	ripple_ER1-2	44	173652
86.831	0.0665	ripple_HR2-3	51	173662
86.837	0.0455	ripple_AL2-3	36	173674
86.852	0.0155	fr_HL3-4	15	173704
87.05	0.0425	ripple_ER1-2	44	174100
87.1775	0.0625	ripple_HR1-2	50	174355
87.178	0.053	ripple_ER1-2	44	174356
87.18	0.012	fr_HR2-3	17	174360
87.465	0.047	ripple_HR1-2	50	174930
87.628	0.037	ripple_HR1-2	50	175256
87.633	0.033	ripple_ER1-2	44	175266
88.628	0.021	fr_ER3-4	12	177256
88.979	0.0115	fr_PR3-4	24	177958
89.0495	0.012	fr_ER3-4	12	178099
89.055	0.042	ripple_AL1-2	35	178110
89.0835	0.048	ripple_PL1-2	53	178167
89.3665	0.0115	fr_ER2-3	11	178733
89.6815	0.012	fr_AR1-2	4	179363
90.1485	0.051	ripple_AL1-2	35	180297
90.5115	0.0515	ripple_AR1-2	38	181023
90.533	0.0265	ripple_HR1-2	50	181066
90.566	0.037	ripple_PR2-3	56	181132
91.7485	0.039	ripple_AL1-2	35	183497
91.851	0.01	fr_HR3-4	18	183702
91.9845	0.0195	fr_EL3-4	9	183969
92.119	0.0525	ripple_ER1-2	44	184238
92.123	0.055	ripple_ER2-3	45	184246
92.1335	0.023	fr_HR1-2	16	184267
92.385	0.061	ripple_HR1-2	50	184770
92.393	0.0455	ripple_ER1-2	44	184786
92.5265	0.0485	ripple_AR1-2	38	185053
92.5435	0.049	ripple_HR1-2	50	185087
92.5505	0.039	ripple_ER2-3	45	185101
92.61	0.0915	ripple_PR1-2	55	185220
92.6445	0.0385	ripple_PR2-3	56	185289
92.6735	0.047	ripple_ER1-2	44	185347
92.6965	0.016	fr_AR1-2	4	185393
92.9205	0.0155	fr_HR1-2	16	185841
93.243	0.012	fr_HR2-3	17	186486
93.73	0.0355	ripple_AL1-2	35	187460
93.9425	0.0925	ripple_HR1-2	50	187885
94.027	0.0295	ripple_PR1-2	55	188054
94.0775	0.214	ripple_PR1-2	55	188155
94.0775	0.214	fr_PR1-2	22	188155
94.0775	0.214	frandr_PR1-2	33	188155
94.0935	0.081	ripple_ER1-2	44	188187
94.0935	0.081	fr_ER1-2	10	188187
94.0935	0.081	frandr_ER1-2	29	188187
94.107	0.044	fr_HR1-2	16	188214
94.1075	0.08	ripple_HR2-3	51	188215
94.13	0.0625	ripple_AR1-2	38	188260
94.2155	0.0515	ripple_PR2-3	56	188431
94.22	0.046	ripple_AR2-3	39	188440
94.225	0.0365	fr_AR1-2	4	188450
94.252	0.037	ripple_ER1-2	44	188504
94.333	0.0225	fr_HL1-2	13	188666
94.4845	0.0385	ripple_HR1-2	50	188969
94.7135	0.061	ripple_PR1-2	55	189427
94.7135	0.061	fr_PR1-2	22	189427
94.7135	0.061	frandr_PR1-2	33	189427
94.801	0.045	ripple_AL2-3	36	189602
94.8055	0.0545	ripple_AL1-2	35	189611
94.8055	0.0545	fr_AL1-2	1	189611
94.8055	0.0545	frandr_AL1-2	25	189611
96.023	0.0765	ripple_AR1-2	38	192046
96.5155	0.0585	ripple_HR1-2	50	193031
96.518	0.054	ripple_ER1-2	44	193036
96.531	0.0405	ripple_ER2-3	45	193062
96.662	0.0425	ripple_PL1-2	53	193324
96.6855	0.1315	ripple_AR1-2	38	193371
96.73	0.0475	ripple_AR2-3	39	193460
96.7965	0.051	ripple_AL2-3	36	193593
97.818	0.1215	ripple_AR1-2	38	195636
97.8865	0.046	ripple_PR1-2	55	195773
98.782	0.082	ripple_AL2-3	36	197564
98.784	0.173	ripple_AL1-2	35	197568
98.784	0.173	fr_AL1-2	1	197568
98.784	0.173	frandr_AL1-2	25	197568
98.8055	0.0585	ripple_PL1-2	53	197611
99.0555	0.1445	ripple_AL1-2	35	198111
99.129	0.0455	ripple_AR1-2	38	198258
99.1785	0.0125	fr_AL3-4	3	198357
100.487	0.0355	ripple_HR1-2	50	200974
100.509	0.0605	ripple_AL1-2	35	201018
100.725	0.0745	ripple_EL3-4	43	201450
100.75	0.0655	ripple_AR2-3	39	201500
100.843	0.0465	ripple_AR2-3	39	201686
101.386	0.0275	fr_AL1-2	1	202772
101.595	0.0485	ripple_AL1-2	35	203190
102.313	0.0445	ripple_AL2-3	36	204626
102.357	0.066	ripple_HR1-2	50	204714
102.3595	0.09	ripple_AR1-2	38	204719
102.513	0.042	ripple_AR1-2	38	205026
102.5235	0.048	ripple_AR2-3	39	205047
102.5545	0.063	ripple_ER1-2	44	205109
102.5575	0.067	ripple_HR1-2	50	205115
102.5735	0.035	ripple_ER2-3	45	205147
102.601	0.0765	ripple_PR1-2	55	205202
102.601	0.0765	fr_PR1-2	22	205202
102.601	0.0765	frandr_PR1-2	33	205202
102.646	0.02	fr_PR2-3	23	205292
102.709	0.0725	ripple_ER2-3	45	205418
102.7115	0.026	ripple_ER1-2	44	205423
102.7145	0.0725	ripple_HR2-3	51	205429
102.7295	0.0165	fr_HR1-2	16	205459
102.8375	0.136	ripple_AR1-2	38	205675
102.8555	0.096	ripple_HR1-2	50	205711
102.8985	0.064	ripple_AR2-3	39	205797
102.912	0.0475	ripple_ER2-3	45	205824
102.9135	0.0515	ripple_PR2-3	56	205827
102.9135	0.0515	fr_PR2-3	23	205827
102.9135	0.0515	frandr_PR2-3	34	205827
102.918	0.071	ripple_PR1-2	55	205836
103.045	0.0355	ripple_ER1-2	44	206090
103.2565	0.066	ripple_ER1-2	44	206513
103.2655	0.0495	ripple_HR1-2	50	206531
103.2765	0.0395	ripple_ER2-3	45	206553
103.421	0.0165	fr_PL2-3	20	206842
103.471	0.0565	ripple_AR1-2	38	206942
103.4995	0.0485	ripple_AL1-2	35	206999
103.566	0.043	ripple_AR2-3	39	207132
103.573	0.034	fr_AR1-2	4	207146
103.6135	0.0675	ripple_PL1-2	53	207227
103.6135	0.0675	fr_PL1-2	19	207227
103.6135	0.0675	frandr_PL1-2	32	207227
103.6435	0.063	ripple_AL2-3	36	207287
103.685	0.039	ripple_HR1-2	50	207370
103.875	0.0105	fr_HR3-4	18	207750
104.143	0.03	ripple_AR1-2	38	208286
104.2415	0.0395	ripple_PL1-2	53	208483
104.448	0.047	ripple_AR1-2	38	208896
104.6005	0.012	fr_HR2-3	17	209201
104.8595	0.035	ripple_HR1-2	50	209719
104.9245	0.0485	ripple_HR2-3	51	209849
104.9265	0.072	ripple_HR1-2	50	209853
104.9365	0.039	ripple_ER1-2	44	209873
105.0495	0.071	fr_PR1-2	22	210099
105.0525	0.085	ripple_PR2-3	56	210105
105.0525	0.085	fr_PR2-3	23	210105
105.0525	0.085	frandr_PR2-3	34	210105
105.0895	0.032	fr_AR1-2	4	210179
105.0915	0.029	ripple_PR3-4	57	210183
105.1825	0.1305	ripple_AL1-2	35	210365
106.0265	0.0155	fr_AR1-2	4	212053
106.884	0.099	ripple_AL1-2	35	213768
107.1225	0.05	ripple_ER1-2	44	214245
107.1745	0.0635	ripple_AR1-2	38	214349
107.382	0.0485	ripple_HR1-2	50	214764
108.9335	0.1055	ripple_AL1-2	35	217867
108.9335	0.1055	fr_AL1-2	1	217867
108.9335	0.1055	frandr_AL1-2	25	217867
109.092	0.04	ripple_ER1-2	44	218184
109.199	0.061	ripple_AR1-2	38	218398
109.28	0.0315	ripple_ER1-2	44	218560
109.379	0.041	ripple_HR1-2	50	218758
109.393	0.011	fr_AR3-4	6	218786
110.3135	0.0145	fr_PR3-4	24	220627
110.3705	0.0445	ripple_ER1-2	44	220741
110.3705	0.0465	ripple_HR1-2	50	220741
110.3705	0.0465	fr_HR1-2	16	220741
110.3705	0.0465	frandr_HR1-2	31	220741
111.409	0.075	ripple_AR2-3	39	222818
111.413	0.0495	ripple_PR1-2	55	222826
111.764	0.0135	fr_HL2-3	14	223528
111.8145	0.044	ripple_PL1-2	53	223629
111.936	0.066	ripple_AL2-3	36	223872
111.9445	0.056	ripple_AL1-2	35	223889
112.171	0.0625	ripple_AR1-2	38	224342
112.1785	0.056	ripple_ER1-2	44	224357
112.1795	0.0475	ripple_AR2-3	39	224359
112.2035	0.0125	fr_HR1-2	16	224407
112.617	0.053	ripple_HR1-2	50	225234
112.6275	0.05	ripple_ER1-2	44	225255
112.672	0.0215	fr_AR2-3	5	225344
113.1825	0.083	ripple_AL1-2	35	226365
115.0575	0.095	ripple_PL1-2	53	230115
115.089	0.0405	ripple_ER2-3	45	230178
115.1825	0.027	ripple_AR2-3	39	230365
115.2015	0.0355	ripple_HR1-2	50	230403
115.4805	0.0385	ripple_ER1-2	44	230961
115.551	0.015	fr_EL3-4	9	231102
115.615	0.068	ripple_PR1-2	55	231230
115.6425	0.059	ripple_HR1-2	50	231285
115.647	0.05	ripple_AR1-2	38	231294
116.1085	0.1345	ripple_AR1-2	38	232217
116.149	0.097	ripple_AL1-2	35	232298
116.149	0.097	fr_AL1-2	1	232298
116.149	0.097	frandr_AL1-2	25	232298
116.1715	0.064	ripple_AR2-3	39	232343
116.178	0.061	ripple_PR1-2	55	232356
116.178	0.061	fr_PR1-2	22	232356
116.178	0.061	frandr_PR1-2	33	232356
116.2755	0.1565	ripple_PR1-2	55	232551
116.2755	0.1565	fr_PR1-2	22	232551
116.2755	0.1565	frandr_PR1-2	33	232551
116.383	0.1495	ripple_AL1-2	35	232766
116.384	0.054	ripple_AR1-2	38	232768
116.384	0.054	fr_AR1-2	4	232768
116.384	0.054	frandr_AR1-2	27	232768
116.6355	0.0105	fr_PL1-2	19	233271
118.136	0.0665	ripple_ER1-2	44	236272
118.1375	0.057	ripple_HR1-2	50	236275
118.2045	0.0405	ripple_HR2-3	51	236409
118.218	0.0485	ripple_HR1-2	50	236436
118.2505	0.035	ripple_AL1-2	35	236501
118.258	0.0845	ripple_PR1-2	55	236516
118.322	0.037	ripple_AL1-2	35	236644
118.4325	0.1015	ripple_AR1-2	38	236865
118.4565	0.044	ripple_HL2-3	48	236913
118.4585	0.0345	ripple_EL2-3	42	236917
118.4625	0.0405	ripple_AR2-3	39	236925
118.465	0.047	ripple_EL1-2	41	236930
118.482	0.0345	ripple_AL1-2	35	236964
118.85	0.0565	ripple_ER1-2	44	237700
118.856	0.0425	ripple_HR1-2	50	237712
119.139	0.05	ripple_ER1-2	44	238278
119.168	0.0165	fr_PL1-2	19	238336
119.3315	0.139	ripple_AR1-2	38	238663
119.355	0.04	ripple_PR1-2	55	238710
119.375	0.036	ripple_PR2-3	56	238750
119.8045	0.0435	ripple_HR1-2	50	239609
119.975	0.04	ripple_HR1-2	50	239950
120.0925	0.0365	ripple_ER2-3	45	240185
120.0965	0.0525	ripple_HR1-2	50	240193
120.13	0.0115	fr_HR3-4	18	240260
120.1605	0.087	ripple_AL1-2	35	240321
120.695	0.044	ripple_HR1-2	50	241390
121.059	0.077	ripple_PR1-2	55	242118
121.088	0.0365	ripple_HR2-3	51	242176
121.209	0.062	ripple_AL1-2	35	242418
121.242	0.0355	ripple_AL2-3	36	242484
121.36	0.0725	ripple_PR1-2	55	242720
121.36	0.0725	fr_PR1-2	22	242720
121.36	0.0725	frandr_PR1-2	33	242720
121.36	0.0915	ripple_HR1-2	50	242720
121.36	0.0915	fr_HR1-2	16	242720
121.36	0.0915	frandr_HR1-2	31	242720
121.366	0.048	ripple_PR2-3	56	242732
121.366	0.048	fr_PR2-3	23	242732
121.366	0.048	frandr_PR2-3	34	242732
121.3675	0.061	ripple_ER1-2	44	242735
121.373	0.062	ripple_AR1-2	38	242746
121.3855	0.057	ripple_HR2-3	51	242771
121.3905	0.02	fr_AR2-3	5	242781
121.391	0.04	ripple_ER2-3	45	242782
121.6285	0.0685	ripple_AR1-2	38	243257
122.669	0.0125	fr_PR2-3	23	245338
122.746	0.0115	fr_AR3-4	6	245492
123.3015	0.0995	ripple_AL1-2	35	246603
123.3465	0.075	ripple_ER1-2	44	246693
123.413	0.0765	ripple_HR1-2	50	246826
123.425	0.036	ripple_AL1-2	35	246850
123.443	0.041	ripple_HR2-3	51	246886
123.5835	0.041	ripple_AL1-2	35	247167
123.5835	0.041	fr_AL1-2	1	247167
123.5835	0.041	frandr_AL1-2	25	247167
123.612	0.054	ripple_HR1-2	50	247224
123.622	0.0375	ripple_ER1-2	44	247244
123.78	0.0815	ripple_AL1-2	35	247560
123.892	0.0465	ripple_AR1-2	38	247784
123.912	0.0435	ripple_AL1-2	35	247824
123.9505	0.042	ripple_HR1-2	50	247901
123.9915	0.039	ripple_AL1-2	35	247983
124.1565	0.02	fr_HR1-2	16	248313
124.851	0.0165	fr_HL2-3	14	249702
125.266	0.0805	ripple_AR2-3	39	250532
125.41	0.0695	fr_AR1-2	4	250820
125.41	0.084	ripple_PR2-3	56	250820
125.41	0.084	fr_PR2-3	23	250820
125.41	0.084	frandr_PR2-3	34	250820
125.418	0.0685	fr_PR1-2	22	250836
125.4255	0.053	ripple_ER1-2	44	250851
125.437	0.0465	ripple_AR2-3	39	250874
125.458	0.0385	ripple_HR1-2	50	250916
125.654	0.106	ripple_HR2-3	51	251308
125.6575	0.041	ripple_ER1-2	44	251315
125.683	0.0845	ripple_HR1-2	50	251366
125.836	0.148	ripple_HR1-2	50	251672
125.8535	0.0545	ripple_AR1-2	38	251707
125.8755	0.0925	ripple_ER1-2	44	251751
125.89	0.0485	ripple_HR2-3	51	251780
125.915	0.04	ripple_ER2-3	45	251830
126.142	0.0555	ripple_ER1-2	44	252284
126.1455	0.047	ripple_HR1-2	50	252291
126.226	0.071	ripple_HR1-2	50	252452
126.23	0.0715	ripple_AL1-2	35	252460
126.2385	0.0615	ripple_HR2-3	51	252477
126.239	0.032	ripple_ER1-2	44	252478
126.239	0.032	fr_ER1-2	10	252478
126.239	0.032	frandr_ER1-2	29	252478
126.256	0.0415	ripple_AR1-2	38	252512
126.4675	0.128	ripple_AL1-2	35	252935
126.486	0.045	ripple_ER1-2	44	252972
126.7725	0.0455	ripple_HL3-4	49	253545
126.7815	0.032	ripple_EL2-3	42	253563
127.075	0.036	ripple_ER1-2	44	254150
127.2345	0.063	ripple_EL3-4	43	254469
127.3005	0.031	ripple_HR1-2	50	254601
127.334	0.042	ripple_PR1-2	55	254668
127.5715	0.044	ripple_PR1-2	55	255143
127.9275	0.043	ripple_AL1-2	35	255855
128.0305	0.0645	ripple_PR2-3	56	256061
128.0395	0.087	ripple_PR1-2	55	256079
128.0395	0.087	fr_PR1-2	22	256079
128.0395	0.087	frandr_PR1-2	33	256079
128.053	0.0805	ripple_AR1-2	38	256106
128.1075	0.0365	ripple_AL1-2	35	256215
128.1685	0.0755	ripple_HR1-2	50	256337
128.1985	0.0415	ripple_AR1-2	38	256397
128.518	0.0385	ripple_HR1-2	50	257036
128.529	0.045	ripple_ER1-2	44	257058
128.5665	0.015	fr_HL3-4	15	257133
128.5905	0.045	ripple_HR1-2	50	257181
129.224	0.061	ripple_AL1-2	35	258448
130.629	0.0395	ripple_AL1-2	35	261258
130.716	0.012	fr_HL2-3	14	261432
130.76	0.0455	ripple_EL3-4	43	261520
130.8615	0.035	ripple_EL3-4	43	261723
131.0055	0.064	ripple_PR2-3	56	262011
131.023	0.0635	ripple_PR1-2	55	262046
131.0265	0.01	fr_ER2-3	11	262053
131.11	0.038	ripple_AL3-4	37	262220
131.111	0.0575	ripple_PL2-3	54	262222
131.312	0.0115	fr_AR2-3	5	262624
131.4725	0.092	ripple_PR1-2	55	262945
131.589	0.115	ripple_PR1-2	55	263178
131.589	0.115	fr_PR1-2	22	263178
131.589	0.115	frandr_PR1-2	33	263178
131.631	0.0455	ripple_PR2-3	56	263262
131.8785	0.0345	ripple_HR1-2	50	263757
131.882	0.0445	ripple_ER1-2	44	263764
131.994	0.0345	ripple_ER1-2	44	263988
132.093	0.105	ripple_HR1-2	50	264186
132.103	0.086	ripple_HR2-3	51	264206
132.1065	0.031	ripple_ER1-2	44	264213
132.5435	0.059	ripple_PL1-2	53	265087
132.5495	0.0685	ripple_AL3-4	37	265099
132.567	0.0395	ripple_AL1-2	35	265134
132.5715	0.0375	ripple_AR2-3	39	265143
133.516	0.0355	ripple_ER1-2	44	267032
133.648	0.0365	ripple_AR1-2	38	267296
133.8625	0.058	ripple_ER1-2	44	267725
133.864	0.041	ripple_HR1-2	50	267728
133.9855	0.056	ripple_ER1-2	44	267971
133.9965	0.014	fr_AL2-3	2	267993
133.998	0.0185	fr_AL1-2	1	267996
134.158	0.044	ripple_ER1-2	44	268316
134.158	0.0465	ripple_HR1-2	50	268316
134.2655	0.0405	ripple_PL1-2	53	268531
134.351	0.0325	ripple_HR2-3	51	268702
134.425	0.059	ripple_AL1-2	35	268850
134.426	0.036	ripple_HL3-4	49	268852
134.43	0.0705	ripple_EL2-3	42	268860
134.434	0.05	ripple_HL1-2	47	268868
134.437	0.0395	ripple_EL3-4	43	268874
134.8245	0.0385	ripple_ER1-2	44	269649
134.856	0.011	fr_HL1-2	13	269712
134.917	0.0515	ripple_AL2-3	36	269834
134.947	0.0525	ripple_ER1-2	44	269894
135.0235	0.038	ripple_HR1-2	50	270047
135.4065	0.0685	ripple_AR1-2	38	270813
135.4745	0.0325	ripple_PR1-2	55	270949
136.3445	0.0235	fr_EL1-2	7	272689
137.139	0.0785	ripple_AR1-2	38	274278
137.1745	0.0385	ripple_AL1-2	35	274349
137.2445	0.0325	ripple_AL1-2	35	274489
137.2845	0.08	ripple_AR1-2	38	274569
137.2905	0.0545	ripple_AR2-3	39	274581
137.3115	0.0435	ripple_AL2-3	36	274623
137.5255	0.0155	fr_HR3-4	18	275051
137.7275	0.053	ripple_HR1-2	50	275455
137.8345	0.0725	ripple_HR1-2	50	275669
138.5685	0.0115	fr_PR2-3	23	277137
138.8285	0.075	ripple_AL1-2	35	277657
139.0805	0.058	ripple_HR1-2	50	278161
139.081	0.05	ripple_ER1-2	44	278162
139.094	0.0345	ripple_ER2-3	45	278188
139.154	0.0195	fr_AR1-2	4	278308
139.1715	0.1	ripple_AR2-3	39	278343
139.201	0.075	fr_PR1-2	22	278402
139.207	0.0425	ripple_ER2-3	45	278414
139.207	0.0745	ripple_HR1-2	50	278414
139.209	0.071	ripple_HR2-3	51	278418
139.226	0.0365	ripple_PR2-3	56	278452
139.226	0.0365	fr_PR2-3	23	278452
139.226	0.0365	frandr_PR2-3	34	278452
139.3265	0.014	fr_AR1-2	4	278653
139.4955	0.041	ripple_PR2-3	56	278991
139.5015	0.051	ripple_PR1-2	55	279003
139.5015	0.051	fr_PR1-2	22	279003
139.5015	0.051	frandr_PR1-2	33	279003
139.511	0.0555	ripple_AR1-2	38	279022
139.9395	0.067	ripple_HR1-2	50	279879
139.9405	0.0515	ripple_ER1-2	44	279881
140.074	0.0945	ripple_HR1-2	50	280148
140.075	0.0625	ripple_ER1-2	44	280150
140.079	0.0435	ripple_ER2-3	45	280158
140.088	0.059	ripple_HR2-3	51	280176
140.125	0.0565	ripple_AR1-2	38	280250
140.678	0.042	ripple_PR1-2	55	281356
141.733	0.038	ripple_AL1-2	35	283466
141.9	0.0195	fr_ER1-2	10	283800
141.9695	0.0415	ripple_PR1-2	55	283939
142.064	0.074	ripple_AL1-2	35	284128
142.068	0.067	ripple_AR1-2	38	284136
142.069	0.047	ripple_HR1-2	50	284138
142.082	0.039	ripple_AR2-3	39	284164
142.13	0.058	ripple_PR1-2	55	284260
142.245	0.0165	fr_HL2-3	14	284490
143.0185	0.072	fr_HR1-2	16	286037
143.039	0.053	ripple_AR1-2	38	286078
143.0745	0.0335	ripple_AR2-3	39	286149
143.088	0.0355	ripple_AL1-2	35	286176
143.1365	0.042	ripple_AR2-3	39	286273
143.251	0.142	ripple_AL1-2	35	286502
143.293	0.0175	fr_HR1-2	16	286586
143.3695	0.0795	ripple_AL2-3	36	286739
143.379	0.046	ripple_ER1-2	44	286758
143.8065	0.0505	ripple_AL1-2	35	287613
144.2	0.0695	ripple_PR2-3	56	288400
144.7205	0.056	ripple_AL1-2	35	289441
144.8525	0.0445	ripple_HL2-3	48	289705
144.867	0.0115	fr_EL1-2	7	289734
145.005	0.04	ripple_AR1-2	38	290010
145.0935	0.0365	ripple_AR2-3	39	290187
145.096	0.035	fr_AR1-2	4	290192
145.1515	0.113	ripple_AL1-2	35	290303
145.2105	0.042	ripple_AL2-3	36	290421
145.2345	0.01	fr_EL1-2	7	290469
146.0805	0.054	ripple_AR1-2	38	292161
146.12	0.052	ripple_HR1-2	50	292240
146.2075	0.1305	ripple_HR1-2	50	292415
146.2105	0.044	ripple_ER2-3	45	292421
146.22	0.032	ripple_ER1-2	44	292440
146.299	0.037	ripple_HR2-3	51	292598
146.317	0.0115	fr_EL1-2	7	292634
146.411	0.0125	fr_HR1-2	16	292822
146.445	0.0555	ripple_AL1-2	35	292890
146.48	0.029	ripple_HR1-2	50	292960
146.5295	0.053	ripple_AL1-2	35	293059
146.5325	0.0405	ripple_ER1-2	44	293065
146.7335	0.046	ripple_HR1-2	50	293467
146.8	0.0485	ripple_PR2-3	56	293600
147.0285	0.0915	ripple_ER1-2	44	294057
147.0345	0.093	ripple_HR1-2	50	294069
147.054	0.0465	ripple_HR2-3	51	294108
147.156	0.037	ripple_AR1-2	38	294312
147.2585	0.046	ripple_AR2-3	39	294517
147.259	0.042	ripple_AR1-2	38	294518
147.276	0.041	ripple_PR1-2	55	294552
147.281	0.0335	ripple_AR3-4	40	294562
147.3215	0.058	ripple_PR2-3	56	294643
147.5	0.0715	ripple_AL1-2	35	295000
147.5485	0.0375	ripple_ER1-2	44	295097
147.5525	0.0365	ripple_HR1-2	50	295105
147.7805	0.0395	ripple_HR1-2	50	295561
147.7805	0.0395	fr_HR1-2	16	295561
147.7805	0.0395	frandr_HR1-2	31	295561
147.7825	0.042	ripple_HR2-3	51	295565
147.784	0.0405	ripple_ER1-2	44	295568
148.2575	0.044	ripple_AR1-2	38	296515
148.7585	0.0475	ripple_AL1-2	35	297517
148.7585	0.0475	fr_AL1-2	1	297517
148.7585	0.0475	frandr_AL1-2	25	297517
148.778	0.044	ripple_HL1-2	47	297556
149.1835	0.0435	ripple_HR1-2	50	298367
149.187	0.0515	ripple_ER1-2	44	298374
149.3245	0.047	ripple_ER1-2	44	298649
149.3515	0.0655	ripple_HR2-3	51	298703
149.354	0.06	ripple_ER2-3	45	298708
149.354	0.1575	ripple_HR1-2	50	298708
149.4115	0.054	ripple_AL1-2	35	298823
149.46	0.0505	ripple_ER1-2	44	298920
149.46	0.0505	fr_ER1-2	10	298920
149.46	0.0505	frandr_ER1-2	29	298920
149.463	0.0115	fr_HL1-2	13	298926
149.603	0.0565	ripple_HR1-2	50	299206
149.65	0.054	ripple_PR1-2	55	299300
149.695	0.0125	fr_HR1-2	16	299390
149.7555	0.0495	ripple_HR1-2	50	299511
149.812	0.0195	fr_ER2-3	11	299624
149.911	0.011	fr_PL1-2	19	299822
149.9195	0.082	ripple_PR2-3	56	299839
149.9195	0.082	fr_PR2-3	23	299839
149.9195	0.082	frandr_PR2-3	34	299839
149.922	0.088	fr_PR1-2	22	299844
149.9715	0.059	ripple_AR2-3	39	299943
149.985	0.056	ripple_AR1-2	38	299970
149.985	0.056	fr_AR1-2	4	299970
149.985	0.056	frandr_AR1-2	27	299970
149.986	0.0375	ripple_HR3-4	52	299972
150.199	0.056	ripple_ER1-2	44	300398
150.2025	0.0665	ripple_HR1-2	50	300405
150.316	0.056	ripple_AL1-2	35	300632
150.376	0.018	fr_AR1-2	4	300752
150.724	0.018	fr_AR2-3	5	301448
151.861	0.0645	ripple_HR1-2	50	303722
151.8625	0.0845	ripple_AR1-2	38	303725
151.8625	0.0845	fr_AR1-2	4	303725
151.8625	0.0845	frandr_AR1-2	27	303725
151.868	0.053	ripple_PR1-2	55	303736
151.868	0.053	fr_PR1-2	22	303736
151.868	0.053	frandr_PR1-2	33	303736
151.884	0.0295	ripple_HR2-3	51	303768
151.892	0.0135	fr_PL1-2	19	303784
152.0755	0.127	ripple_PR1-2	55	304151
152.0755	0.127	fr_PR1-2	22	304151
152.0755	0.127	frandr_PR1-2	33	304151
152.1075	0.062	ripple_PR2-3	56	304215
152.37	0.019	fr_EL1-2	7	304740
152.484	0.049	ripple_HR1-2	50	304968
152.737	0.0355	ripple_AL2-3	36	305474
152.8855	0.056	ripple_AL1-2	35	305771
152.8985	0.075	ripple_HL1-2	47	305797
153.009	0.015	fr_AR1-2	4	306018
153.0475	0.045	ripple_ER1-2	44	306095
153.0705	0.039	ripple_HR1-2	50	306141
153.2015	0.054	ripple_AR1-2	38	306403
153.2945	0.0285	ripple_ER1-2	44	306589
153.37	0.0285	ripple_HR1-2	50	306740
153.3765	0.084	ripple_AR1-2	38	306753
153.4085	0.0365	fr_PR1-2	22	306817
153.424	0.065	ripple_PR2-3	56	306848
153.624	0.0575	ripple_HR1-2	50	307248
153.624	0.0575	fr_HR1-2	16	307248
153.624	0.0575	frandr_HR1-2	31	307248
153.6435	0.014	fr_ER1-2	10	307287
154.054	0.0375	ripple_AL1-2	35	308108
154.1165	0.043	ripple_AR1-2	38	308233
154.126	0.0405	ripple_HR1-2	50	308252
154.1325	0.034	ripple_ER1-2	44	308265
154.1335	0.0615	ripple_AL1-2	35	308267
154.1925	0.0625	ripple_AR1-2	38	308385
154.292	0.0535	ripple_AL1-2	35	308584
155.5095	0.0735	ripple_HR1-2	50	311019
155.523	0.0505	ripple_ER1-2	44	311046
155.6045	0.041	ripple_PR1-2	55	311209
155.715	0.0335	ripple_PL1-2	53	311430
155.7195	0.042	ripple_HR1-2	50	311439
155.775	0.0365	ripple_PR1-2	55	311550
155.8905	0.083	ripple_AL1-2	35	311781
156.206	0.044	ripple_ER1-2	44	312412
156.49	0.0415	ripple_AR2-3	39	312980
156.5705	0.1045	ripple_AL1-2	35	313141
156.593	0.095	ripple_PR1-2	55	313186
156.593	0.095	fr_PR1-2	22	313186
156.593	0.095	frandr_PR1-2	33	313186
156.607	0.0575	ripple_PR2-3	56	313214
156.607	0.0575	fr_PR2-3	23	313214
156.607	0.0575	frandr_PR2-3	34	313214
156.6545	0.0105	fr_ER2-3	11	313309
156.712	0.046	ripple_AR1-2	38	313424
156.8615	0.1445	ripple_HR1-2	50	313723
156.8685	0.042	ripple_ER1-2	44	313737
156.884	0.0715	ripple_HR2-3	51	313768
156.892	0.0795	ripple_AR1-2	38	313784
157.0345	0.037	ripple_ER1-2	44	314069
157.0365	0.08	ripple_HR1-2	50	314073
157.0545	0.053	ripple_HR2-3	51	314109
157.0805	0.063	ripple_AR1-2	38	314161
157.0925	0.058	ripple_PR1-2	55	314185
157.0925	0.058	fr_PR1-2	22	314185
157.0925	0.058	frandr_PR1-2	33	314185
157.0985	0.0385	ripple_PR2-3	56	314197
157.099	0.0115	fr_HL3-4	15	314198
157.231	0.034	ripple_ER1-2	44	314462
157.7325	0.044	ripple_AL2-3	36	315465
157.743	0.06	ripple_PR1-2	55	315486
157.772	0.0205	fr_HL2-3	14	315544
158.0615	0.012	fr_ER2-3	11	316123
158.393	0.035	ripple_PL1-2	53	316786
158.776	0.016	fr_ER1-2	10	317552
159.246	0.059	ripple_PL1-2	53	318492
159.3515	0.0495	ripple_PL1-2	53	318703
159.4415	0.041	ripple_AR2-3	39	318883
159.6845	0.0115	fr_ER2-3	11	319369
159.8615	0.1075	ripple_AR1-2	38	319723
160.2185	0.0545	ripple_AL1-2	35	320437
160.3805	0.011	fr_HL2-3	14	320761
161.025	0.0955	ripple_ER1-2	44	322050
161.025	0.0955	fr_ER1-2	10	322050
161.025	0.0955	frandr_ER1-2	29	322050
161.0335	0.0865	ripple_ER2-3	45	322067
161.042	0.0875	ripple_HR2-3	51	322084
161.078	0.034	ripple_AR1-2	38	322156
161.682	0.039	ripple_AR1-2	38	323364
161.702	0.038	ripple_AR2-3	39	323404
161.9765	0.031	ripple_AR1-2	38	323953
163.011	0.0515	ripple_AL2-3	36	326022
163.0435	0.0795	ripple_HR1-2	50	326087
163.316	0.045	ripple_HR1-2	50	326632
163.3185	0.0455	ripple_AR1-2	38	326637
163.3285	0.046	ripple_ER1-2	44	326657
163.3425	0.012	fr_AL3-4	3	326685
163.418	0.042	ripple_PR1-2	55	326836
163.439	0.0515	ripple_ER1-2	44	326878
163.631	0.061	ripple_HR1-2	50	327262
163.64	0.0415	ripple_ER1-2	44	327280
164.711	0.0125	fr_HL2-3	14	329422
164.9765	0.0575	ripple_PL1-2	53	329953
165.1305	0.0565	ripple_AR1-2	38	330261
165.2585	0.04	ripple_PR2-3	56	330517
165.279	0.0305	fr_HR1-2	16	330558
165.865	0.0135	fr_HL3-4	15	331730
166.039	0.0555	ripple_ER1-2	44	332078
166.0895	0.08	ripple_AR1-2	38	332179
166.1275	0.0475	ripple_PR2-3	56	332255
166.163	0.0335	ripple_AR2-3	39	332326
166.354	0.0435	ripple_ER1-2	44	332708
166.3555	0.0115	fr_ER3-4	12	332711
167.176	0.0435	ripple_HR1-2	50	334352
167.181	0.044	ripple_ER1-2	44	334362
167.186	0.021	fr_ER2-3	11	334372
167.475	0.0375	ripple_HR1-2	50	334950
167.565	0.058	ripple_ER1-2	44	335130
167.566	0.046	ripple_HR1-2	50	335132
168.0325	0.01	fr_AR3-4	6	336065
168.3265	0.068	ripple_AL1-2	35	336653
168.3825	0.048	ripple_AR2-3	39	336765
168.3875	0.07	ripple_AR1-2	38	336775
168.522	0.012	fr_HR2-3	17	337044
169.4525	0.024	fr_AL1-2	1	338905
169.815	0.0665	ripple_PR1-2	55	339630
170.2445	0.049	ripple_ER1-2	44	340489
170.2455	0.0525	ripple_HR1-2	50	340491
170.404	0.0455	ripple_AR1-2	38	340808
170.537	0.0465	ripple_ER1-2	44	341074
170.7025	0.044	ripple_ER1-2	44	341405
171.4705	0.0395	ripple_HR1-2	50	342941
171.546	0.0985	ripple_PR1-2	55	343092
171.546	0.0985	fr_PR1-2	22	343092
171.546	0.0985	frandr_PR1-2	33	343092
171.5755	0.039	ripple_HR1-2	50	343151
171.6245	0.0645	ripple_AR1-2	38	343249
171.7255	0.0745	ripple_HR1-2	50	343451
171.752	0.0885	ripple_PR1-2	55	343504
171.7545	0.0435	ripple_HR2-3	51	343509
171.8485	0.0375	ripple_HR1-2	50	343697
171.9345	0.1215	ripple_AL1-2	35	343869
172.0095	0.084	fr_PR1-2	22	344019
172.01	0.0695	ripple_PR2-3	56	344020
172.01	0.0695	fr_PR2-3	23	344020
172.01	0.0695	frandr_PR2-3	34	344020
172.0535	0.028	ripple_HR1-2	50	344107
172.0675	0.04	ripple_AL2-3	36	344135
173.056	0.035	ripple_HR1-2	50	346112
173.1785	0.0825	ripple_HR1-2	50	346357
173.1885	0.0345	ripple_ER1-2	44	346377
173.191	0.0665	ripple_HR2-3	51	346382
173.292	0.0415	ripple_ER1-2	44	346584
173.351	0.0105	fr_AL3-4	3	346702
173.512	0.1215	ripple_HR1-2	50	347024
173.529	0.0725	ripple_ER1-2	44	347058
173.5325	0.04	ripple_AL2-3	36	347065
173.547	0.083	ripple_HR2-3	51	347094
173.674	0.1205	ripple_PR1-2	55	347348
173.674	0.1205	fr_PR1-2	22	347348
173.674	0.1205	frandr_PR1-2	33	347348
173.724	0.0565	ripple_PR2-3	56	347448
173.7605	0.04	ripple_AR1-2	38	347521
173.8365	0.051	ripple_AR1-2	38	347673
174.095	0.1865	ripple_PR1-2	55	348190
174.095	0.1865	fr_PR1-2	22	348190
174.095	0.1865	frandr_PR1-2	33	348190
174.1485	0.046	ripple_EL1-2	41	348297
174.2195	0.0515	ripple_PR2-3	56	348439
174.2335	0.0335	fr_AR1-2	4	348467
174.3955	0.127	ripple_HR1-2	50	348791
174.4385	0.076	ripple_HR2-3	51	348877
174.4965	0.0605	ripple_AR1-2	38	348993
174.5035	0.0655	ripple_PR1-2	55	349007
174.508	0.0335	ripple_PR2-3	56	349016
174.563	0.1135	ripple_ER1-2	44	349126
174.638	0.0405	ripple_HR1-2	50	349276
174.792	0.0905	ripple_AL2-3	36	349584
174.8745	0.089	ripple_PR2-3	56	349749
174.9015	0.048	ripple_AR1-2	38	349803
175.199	0.0605	ripple_AL1-2	35	350398
175.23	0.0455	ripple_AL2-3	36	350460
175.284	0.049	ripple_AL1-2	35	350568
175.372	0.04	ripple_AL2-3	36	350744
175.5325	0.0405	ripple_PR1-2	55	351065
176.2905	0.0215	fr_AR1-2	4	352581
176.9135	0.06	ripple_HR1-2	50	353827
176.9225	0.0415	ripple_ER1-2	44	353845
177.292	0.053	ripple_PR2-3	56	354584
177.311	0.032	ripple_PR1-2	55	354622
177.564	0.051	ripple_AL1-2	35	355128
177.569	0.0485	ripple_AL2-3	36	355138
177.9115	0.0135	fr_AL2-3	2	355823
178.6705	0.0395	ripple_PR1-2	55	357341
178.824	0.0765	ripple_AR1-2	38	357648
178.842	0.045	ripple_HR1-2	50	357684
178.842	0.045	fr_HR1-2	16	357684
178.842	0.045	frandr_HR1-2	31	357684
178.85	0.0195	fr_ER1-2	10	357700
179.2645	0.0485	ripple_PL1-2	53	358529
179.28	0.0745	ripple_AL2-3	36	358560
179.2835	0.071	ripple_AL1-2	35	358567
179.3035	0.0365	ripple_AR1-2	38	358607
180.07	0.011	fr_PL1-2	19	360140
180.494	0.061	ripple_AR1-2	38	360988
180.531	0.023	fr_HR1-2	16	361062
180.5395	0.044	ripple_PR1-2	55	361079
180.8935	0.039	ripple_PR1-2	55	361787
181.7855	0.1355	ripple_HR1-2	50	363571
181.786	0.021	fr_ER1-2	10	363572
181.813	0.095	ripple_ER1-2	44	363626
181.8515	0.0615	ripple_HR2-3	51	363703
181.87	0.076	ripple_AR1-2	38	363740
181.904	0.0315	ripple_PR1-2	55	363808
181.9905	0.06	ripple_ER1-2	44	363981
181.992	0.0515	ripple_HR1-2	50	363984
181.996	0.057	ripple_AR1-2	38	363992
182.182	0.089	ripple_PR1-2	55	364364
182.182	0.089	fr_PR1-2	22	364364
182.182	0.089	frandr_PR1-2	33	364364
182.2	0.0345	ripple_AL1-2	35	364400
182.276	0.047	fr_AL1-2	1	364552
182.2855	0.067	ripple_AR1-2	38	364571
182.306	0.03	fr_HR1-2	16	364612
182.499	0.082	ripple_PR1-2	55	364998
182.5275	0.0385	ripple_PR2-3	56	365055
182.623	0.039	ripple_AL1-2	35	365246
182.844	0.0115	fr_HL1-2	13	365688
183.2905	0.0625	ripple_PR1-2	55	366581
183.562	0.0595	ripple_HR1-2	50	367124
183.565	0.064	ripple_ER1-2	44	367130
184.1665	0.011	fr_PR2-3	23	368333
184.889	0.0375	ripple_HL1-2	47	369778
184.9005	0.021	fr_AL1-2	1	369801
185.1695	0.051	ripple_ER1-2	44	370339
185.1695	0.051	fr_ER1-2	10	370339
185.1695	0.051	frandr_ER1-2	29	370339
185.1725	0.044	ripple_HR1-2	50	370345
185.214	0.115	ripple_AL1-2	35	370428
185.214	0.115	fr_AL1-2	1	370428
185.214	0.115	frandr_AL1-2	25	370428
185.256	0.083	ripple_AR1-2	38	370512
185.502	0.045	ripple_HR1-2	50	371004
185.611	0.0355	ripple_HR1-2	50	371222
185.6385	0.0385	ripple_AR1-2	38	371277
185.6765	0.0675	ripple_PR1-2	55	371353
185.7545	0.011	fr_AL3-4	3	371509
185.778	0.0635	ripple_HR1-2	50	371556
185.9785	0.068	ripple_PR1-2	55	371957
185.9785	0.068	fr_PR1-2	22	371957
185.9785	0.068	frandr_PR1-2	33	371957
186.597	0.011	fr_AR2-3	5	373194
186.7165	0.0175	fr_ER3-4	12	373433
187.6905	0.016	fr_HR1-2	16	375381
188.801	0.0525	ripple_HR1-2	50	377602
188.8825	0.1025	ripple_PR1-2	55	377765
188.9015	0.041	ripple_HR1-2	50	377803
188.9945	0.099	ripple_ER1-2	44	377989
188.9945	0.099	fr_ER1-2	10	377989
188.9945	0.099	frandr_ER1-2	29	377989
188.995	0.151	ripple_HR1-2	50	377990
189.0505	0.054	ripple_HR2-3	51	378101
189.1725	0.0575	ripple_AL2-3	36	378345
189.218	0.0145	fr_PL1-2	19	378436
189.238	0.0415	ripple_PR2-3	56	378476
189.2695	0.0365	ripple_ER1-2	44	378539
189.3095	0.029	fr_AR1-2	4	378619
189.315	0.0465	ripple_PR1-2	55	378630
189.827	0.056	ripple_ER1-2	44	379654
189.829	0.0495	ripple_HR1-2	50	379658
189.8535	0.0375	ripple_EL1-2	41	379707
189.865	0.0385	ripple_AL2-3	36	379730
189.8665	0.0445	ripple_AL1-2	35	379733
189.8795	0.0435	ripple_PL1-2	53	379759
189.948	0.078	ripple_EL3-4	43	379896
189.951	0.09	ripple_HL3-4	49	379902
190.095	0.0415	ripple_HR1-2	50	380190
190.0975	0.042	ripple_ER1-2	44	380195
190.2155	0.045	ripple_ER1-2	44	380431
190.219	0.0435	ripple_ER2-3	45	380438
190.219	0.072	ripple_HR2-3	51	380438
190.2245	0.013	fr_HR1-2	16	380449
190.3055	0.1115	ripple_AR1-2	38	380611
190.3055	0.1115	fr_AR1-2	4	380611
190.3055	0.1115	frandr_AR1-2	27	380611
190.3395	0.0635	ripple_AR2-3	39	380679
190.374	0.0435	ripple_PR1-2	55	380748
190.377	0.0175	fr_PR3-4	24	380754
191.5145	0.182	ripple_AL1-2	35	383029
191.8115	0.0425	ripple_AR2-3	39	383623
191.826	0.0225	fr_AR1-2	4	383652
191.896	0.061	ripple_AL1-2	35	383792
191.9115	0.042	ripple_AL2-3	36	383823
192.3485	0.049	ripple_AL1-2	35	384697
192.621	0.035	ripple_AR1-2	38	385242
193.1025	0.0405	ripple_AR1-2	38	386205
193.1175	0.012	fr_HR1-2	16	386235
193.716	0.0605	ripple_HR1-2	50	387432
193.732	0.043	ripple_ER1-2	44	387464
193.744	0.0115	fr_PL1-2	19	387488
193.793	0.054	ripple_AR1-2	38	387586
194.498	0.0455	ripple_AR1-2	38	388996
194.8185	0.0465	ripple_AL1-2	35	389637
195.053	0.06	ripple_HR1-2	50	390106
195.066	0.044	ripple_ER1-2	44	390132
195.0695	0.034	ripple_ER2-3	45	390139
195.2425	0.0115	fr_HL2-3	14	390485
195.25	0.035	ripple_AL1-2	35	390500
195.342	0.0115	fr_PR3-4	24	390684
195.366	0.0775	ripple_ER1-2	44	390732
195.366	0.0775	fr_ER1-2	10	390732
195.366	0.0775	frandr_ER1-2	29	390732
195.378	0.0755	ripple_HR2-3	51	390756
195.402	0.0345	fr_HR1-2	16	390804
195.853	0.0195	fr_EL1-2	7	391706
196.2305	0.023	fr_EL3-4	9	392461
196.4245	0.1365	ripple_AL1-2	35	392849
196.4245	0.1365	fr_AL1-2	1	392849
196.4245	0.1365	frandr_AL1-2	25	392849
196.638	0.042	ripple_ER1-2	44	393276
198.369	0.181	ripple_PR1-2	55	396738
198.369	0.181	fr_PR1-2	22	396738
198.369	0.181	frandr_PR1-2	33	396738
198.435	0.1055	ripple_PR2-3	56	396870
198.435	0.1055	fr_PR2-3	23	396870
198.435	0.1055	frandr_PR2-3	34	396870
198.4735	0.119	ripple_AL1-2	35	396947
198.491	0.048	ripple_HR1-2	50	396982
198.501	0.039	ripple_ER3-4	46	397002
198.5265	0.0285	ripple_HR2-3	51	397053
198.594	0.0425	ripple_HR1-2	50	397188
199.0195	0.059	ripple_PR2-3	56	398039
199.0465	0.054	ripple_AR1-2	38	398093
199.387	0.037	ripple_AL1-2	35	398774
199.555	0.0215	fr_AL1-2	1	399110
199.7925	0.05	ripple_AL1-2	35	399585
199.818	0.1165	ripple_PR1-2	55	399636
199.818	0.1165	fr_PR1-2	22	399636
199.818	0.1165	frandr_PR1-2	33	399636
199.849	0.031	ripple_HL1-2	47	399698
199.8845	0.0525	ripple_AR1-2	38	399769
199.8845	0.0525	fr_AR1-2	4	399769
199.8845	0.0525	frandr_AR1-2	27	399769
199.8925	0.0675	ripple_AR2-3	39	399785
199.9625	0.0605	ripple_HR1-2	50	399925
199.9775	0.029	fr_AR1-2	4	399955
200.084	0.038	ripple_ER1-2	44	400168
200.199	0.052	ripple_AL1-2	35	400398
200.2295	0.0335	ripple_HR1-2	50	400459
200.707	0.039	ripple_ER1-2	44	401414
200.888	0.0335	ripple_AL2-3	36	401776
200.927	0.021	fr_ER2-3	11	401854
202.0725	0.046	ripple_AR1-2	38	404145
202.284	0.058	ripple_AL1-2	35	404568
202.701	0.0205	fr_ER3-4	12	405402
203.083	0.104	ripple_PR1-2	55	406166
203.0895	0.0595	ripple_AR2-3	39	406179
203.1095	0.052	ripple_PR2-3	56	406219
203.332	0.085	ripple_PR1-2	55	406664
203.3465	0.033	ripple_AL2-3	36	406693
203.3485	0.0345	ripple_HL1-2	47	406697
203.367	0.0435	ripple_AR1-2	38	406734
203.374	0.031	ripple_HR1-2	50	406748
203.414	0.056	ripple_HL3-4	49	406828
203.4145	0.051	ripple_HL2-3	48	406829
203.8995	0.0345	ripple_AR1-2	38	407799
203.9505	0.0445	ripple_EL2-3	42	407901
204.008	0.049	ripple_AL1-2	35	408016
204.077	0.0455	ripple_AL1-2	35	408154
204.077	0.0625	ripple_AL2-3	36	408154
204.3035	0.05	ripple_AL1-2	35	408607
204.3755	0.055	ripple_AR1-2	38	408751
204.436	0.0655	fr_PR1-2	22	408872
204.4365	0.0775	ripple_HR1-2	50	408873
204.442	0.0535	fr_PR2-3	23	408884
204.446	0.037	ripple_ER2-3	45	408892
204.462	0.03	ripple_PR3-4	57	408924
204.476	0.041	ripple_AR1-2	38	408952
204.476	0.041	fr_AR1-2	4	408952
204.476	0.041	frandr_AR1-2	27	408952
204.4935	0.0485	ripple_AL1-2	35	408987
204.636	0.055	ripple_ER1-2	44	409272
204.636	0.055	fr_ER1-2	10	409272
204.636	0.055	frandr_ER1-2	29	409272
204.767	0.039	ripple_PR1-2	55	409534
204.79	0.0435	ripple_HR1-2	50	409580
204.869	0.0435	ripple_HR1-2	50	409738
204.87	0.0405	ripple_AR1-2	38	409740
204.88	0.0375	ripple_ER1-2	44	409760
205.287	0.044	ripple_PL1-2	53	410574
205.297	0.0465	ripple_AR1-2	38	410594
205.468	0.0105	fr_AR3-4	6	410936
205.6075	0.0585	ripple_ER1-2	44	411215
205.6235	0.0795	ripple_AR1-2	38	411247
205.6355	0.0335	ripple_HR1-2	50	411271
205.6355	0.0335	fr_HR1-2	16	411271
205.6355	0.0335	frandr_HR1-2	31	411271
206.0715	0.0145	fr_HR2-3	17	412143
206.44	0.0115	fr_AR3-4	6	412880
206.4405	0.0395	ripple_PR1-2	55	412881
206.5955	0.0375	ripple_AR1-2	38	413191
206.7085	0.04	ripple_HR1-2	50	413417
206.7105	0.0345	ripple_ER1-2	44	413421
207.1455	0.0465	ripple_AL1-2	35	414291
207.44	0.037	ripple_AL1-2	35	414880
207.732	0.1045	ripple_AL1-2	35	415464
207.783	0.047	ripple_PL1-2	53	415566
208.0785	0.067	ripple_AR1-2	38	416157
208.0935	0.0955	ripple_PR1-2	55	416187
208.107	0.076	ripple_AL2-3	36	416214
208.1095	0.046	ripple_AR2-3	39	416219
208.184	0.0805	ripple_HR1-2	50	416368
208.5895	0.053	ripple_AR1-2	38	417179
208.602	0.022	fr_HR1-2	16	417204
208.819	0.047	ripple_AL1-2	35	417638
209.6655	0.0115	fr_HL1-2	13	419331
210.104	0.0165	fr_AR3-4	6	420208
210.519	0.0575	ripple_AL2-3	36	421038
210.6675	0.042	ripple_AL1-2	35	421335
210.685	0.151	ripple_PR1-2	55	421370
210.685	0.151	fr_PR1-2	22	421370
210.685	0.151	frandr_PR1-2	33	421370
210.715	0.094	ripple_HL3-4	49	421430
210.7345	0.078	ripple_EL3-4	43	421469
210.7525	0.047	ripple_AL1-2	35	421505
210.767	0.014	fr_ER3-4	12	421534
210.801	0.0315	ripple_PR2-3	56	421602
210.801	0.0315	fr_PR2-3	23	421602
210.801	0.0315	frandr_PR2-3	34	421602
211.054	0.014	fr_AR2-3	5	422108
211.217	0.044	ripple_AR1-2	38	422434
211.5885	0.053	ripple_AL1-2	35	423177
211.7385	0.015	fr_HR3-4	18	423477
212.547	0.1135	ripple_AL1-2	35	425094
212.547	0.1135	fr_AL1-2	1	425094
212.547	0.1135	frandr_AL1-2	25	425094
212.584	0.016	fr_HL3-4	15	425168
212.6285	0.0455	ripple_PL1-2	53	425257
212.6905	0.0705	ripple_HR1-2	50	425381
212.7235	0.076	ripple_AR2-3	39	425447
212.847	0.06	ripple_PR2-3	56	425694
213.235	0.011	fr_EL2-3	8	426470
213.5735	0.068	ripple_ER1-2	44	427147
213.5765	0.0745	ripple_HR1-2	50	427153
214.5835	0.033	ripple_HR1-2	50	429167
214.7465	0.0255	fr_HR1-2	16	429493
215.05	0.0425	ripple_HR1-2	50	430100
215.34	0.0525	ripple_HR1-2	50	430680
215.34	0.0525	fr_HR1-2	16	430680
215.34	0.0525	frandr_HR1-2	31	430680
215.3435	0.0595	ripple_ER1-2	44	430687
215.3435	0.0595	fr_ER1-2	10	430687
215.3435	0.0595	frandr_ER1-2	29	430687
215.56	0.052	ripple_HR1-2	50	431120
215.5625	0.032	ripple_ER1-2	44	431125
215.5765	0.0335	ripple_HR2-3	51	431153
215.656	0.061	ripple_PL1-2	53	431312
215.702	0.047	ripple_AL1-2	35	431404
215.7695	0.049	ripple_PR1-2	55	431539
216.0005	0.107	ripple_AR1-2	38	432001
216.324	0.048	ripple_AL1-2	35	432648
216.5465	0.0855	ripple_PR1-2	55	433093
216.5945	0.045	ripple_AR1-2	38	433189
217.4955	0.0125	fr_AL3-4	3	434991
217.5175	0.053	ripple_HR1-2	50	435035
217.649	0.043	ripple_HR1-2	50	435298
217.654	0.0325	ripple_ER1-2	44	435308
218.031	0.0125	fr_HR1-2	16	436062
218.1965	0.108	ripple_AR1-2	38	436393
218.412	0.014	fr_AR2-3	5	436824
218.85	0.0465	ripple_AL1-2	35	437700
219.071	0.104	ripple_AR1-2	38	438142
219.1065	0.064	ripple_AR2-3	39	438213
219.2645	0.0435	ripple_HR1-2	50	438529
219.2685	0.0365	ripple_ER1-2	44	438537
219.4435	0.0695	ripple_PR1-2	55	438887
219.682	0.0525	ripple_HR1-2	50	439364
219.6855	0.0385	ripple_ER1-2	44	439371
219.755	0.043	ripple_ER1-2	44	439510
219.769	0.0585	ripple_HR2-3	51	439538
219.7695	0.0685	ripple_HR1-2	50	439539
219.949	0.1415	ripple_AR1-2	38	439898
219.949	0.1415	fr_AR1-2	4	439898
219.949	0.1415	frandr_AR1-2	27	439898
220.021	0.043	ripple_PR1-2	55	440042
220.0825	0.0375	ripple_HL1-2	47	440165
220.083	0.041	ripple_AL2-3	36	440166
220.083	0.041	fr_AL2-3	2	440166
220.083	0.041	frandr_AL2-3	26	440166
220.099	0.027	fr_PL1-2	19	440198
220.2335	0.0155	fr_HR3-4	18	440467
220.6075	0.049	ripple_HR1-2	50	441215
220.8025	0.1105	ripple_HR1-2	50	441605
220.826	0.0785	ripple_ER1-2	44	441652
220.8375	0.056	ripple_HR2-3	51	441675
221.0195	0.0595	ripple_HR1-2	50	442039
221.539	0.0555	ripple_PR1-2	55	443078
222.618	0.054	ripple_AL1-2	35	445236
222.7045	0.039	ripple_PL1-2	53	445409
222.777	0.12	ripple_AR1-2	38	445554
222.8885	0.0505	ripple_AL1-2	35	445777
223.7395	0.015	fr_ER2-3	11	447479
224.272	0.054	ripple_AR1-2	38	448544
225.2615	0.0255	fr_AL1-2	1	450523
225.336	0.012	fr_ER1-2	10	450672
225.504	0.1405	ripple_HR1-2	50	451008
225.53	0.055	ripple_ER1-2	44	451060
225.558	0.084	ripple_HR2-3	51	451116
225.859	0.0655	ripple_PL1-2	53	451718
225.93	0.071	ripple_PR1-2	55	451860
226.0175	0.152	ripple_HR1-2	50	452035
226.0285	0.048	ripple_ER1-2	44	452057
228.29	0.058	ripple_HR1-2	50	456580
228.4145	0.047	ripple_AL1-2	35	456829
228.4535	0.1095	ripple_AR1-2	38	456907
228.4855	0.075	fr_PR1-2	22	456971
228.5125	0.0295	ripple_PR2-3	56	457025
228.5125	0.0295	fr_PR2-3	23	457025
228.5125	0.0295	frandr_PR2-3	34	457025
228.662	0.0745	ripple_PR1-2	55	457324
228.662	0.0745	fr_PR1-2	22	457324
228.662	0.0745	frandr_PR1-2	33	457324
228.6665	0.021	fr_AR1-2	4	457333
228.7025	0.039	ripple_ER1-2	44	457405
228.708	0.117	ripple_AR2-3	39	457416
228.754	0.0615	ripple_HR2-3	51	457508
228.761	0.051	ripple_HR3-4	52	457522
228.766	0.05	ripple_ER2-3	45	457532
228.769	0.0475	ripple_PR2-3	56	457538
228.7745	0.0305	fr_HR1-2	16	457549
228.7835	0.0325	fr_PR1-2	22	457567
229.737	0.0125	fr_HL1-2	13	459474
230.343	0.0855	ripple_AL1-2	35	460686
230.343	0.0855	fr_AL1-2	1	460686
230.343	0.0855	frandr_AL1-2	25	460686
230.5725	0.081	ripple_AL1-2	35	461145
230.5725	0.081	fr_AL1-2	1	461145
230.5725	0.081	frandr_AL1-2	25	461145
230.7935	0.0495	ripple_AL1-2	35	461587
231.2505	0.0325	ripple_AL1-2	35	462501
231.34	0.0755	ripple_HR2-3	51	462680
231.3455	0.094	ripple_HR1-2	50	462691
231.3535	0.064	ripple_PR2-3	56	462707
231.367	0.045	ripple_PR1-2	55	462734
231.367	0.045	fr_PR1-2	22	462734
231.367	0.045	frandr_PR1-2	33	462734
231.369	0.048	ripple_AR2-3	39	462738
231.3795	0.0395	fr_AR1-2	4	462759
231.384	0.012	fr_ER2-3	11	462768
231.748	0.027	ripple_HR1-2	50	463496
231.9665	0.05	ripple_HR1-2	50	463933
231.9665	0.05	fr_HR1-2	16	463933
231.9665	0.05	frandr_HR1-2	31	463933
231.9755	0.037	ripple_ER1-2	44	463951
232.2225	0.066	ripple_PR1-2	55	464445
232.239	0.07	ripple_AR1-2	38	464478
232.465	0.049	ripple_HR1-2	50	464930
232.4655	0.042	ripple_ER1-2	44	464931
232.5145	0.0685	ripple_AL2-3	36	465029
232.5305	0.0325	ripple_AL1-2	35	465061
232.6755	0.0535	ripple_HR1-2	50	465351
232.6965	0.0545	ripple_PR1-2	55	465393
232.7	0.054	ripple_HL3-4	49	465400
232.732	0.064	ripple_EL3-4	43	465464
233.521	0.011	fr_AL3-4	3	467042
233.7505	0.0215	fr_PR3-4	24	467501
234.2365	0.03	fr_EL2-3	8	468473
234.243	0.0135	fr_EL1-2	7	468486
234.528	0.0425	ripple_PL1-2	53	469056
234.537	0.0515	ripple_AL3-4	37	469074
234.5375	0.094	ripple_AL1-2	35	469075
234.5375	0.094	fr_AL1-2	1	469075
234.5375	0.094	frandr_AL1-2	25	469075
234.5715	0.0265	fr_PL1-2	19	469143
234.5925	0.044	ripple_AL2-3	36	469185
234.6305	0.05	ripple_HR1-2	50	469261
234.6355	0.036	ripple_ER2-3	45	469271
234.643	0.0345	ripple_ER1-2	44	469286
234.7735	0.0615	ripple_AR1-2	38	469547
234.781	0.037	ripple_HR1-2	50	469562
234.7955	0.0555	ripple_PR1-2	55	469591
235.016	0.052	ripple_AR1-2	38	470032
235.0615	0.037	ripple_PR2-3	56	470123
235.078	0.039	ripple_HR1-2	50	470156
235.127	0.0395	ripple_PR1-2	55	470254
235.1305	0.046	ripple_PR2-3	56	470261
235.1795	0.057	ripple_HR1-2	50	470359
235.1795	0.057	fr_HR1-2	16	470359
235.1795	0.057	frandr_HR1-2	31	470359
235.22	0.043	ripple_PL1-2	53	470440
235.328	0.017	fr_AR1-2	4	470656
235.3335	0.011	fr_HL3-4	15	470667
235.4385	0.043	ripple_HR1-2	50	470877
235.9435	0.051	ripple_HR1-2	50	471887
235.9455	0.0475	ripple_ER1-2	44	471891
236.055	0.0425	ripple_ER1-2	44	472110
236.056	0.0645	ripple_HR1-2	50	472112
236.1605	0.088	ripple_HR1-2	50	472321
236.1605	0.088	fr_HR1-2	16	472321
236.1605	0.088	frandr_HR1-2	31	472321
236.164	0.0485	ripple_ER1-2	44	472328
236.1755	0.077	ripple_HR2-3	51	472351
236.1905	0.0685	ripple_AR1-2	38	472381
236.1905	0.0685	fr_AR1-2	4	472381
236.1905	0.0685	frandr_AR1-2	27	472381
236.212	0.0555	ripple_PR1-2	55	472424
236.212	0.0555	fr_PR1-2	22	472424
236.212	0.0555	frandr_PR1-2	33	472424
236.345	0.0355	ripple_AR1-2	38	472690
236.471	0.048	ripple_HR1-2	50	472942
236.491	0.054	ripple_AL2-3	36	472982
236.528	0.072	ripple_AL1-2	35	473056
236.595	0.0105	fr_PR2-3	23	473190
236.6075	0.0565	ripple_PR1-2	55	473215
236.621	0.015	fr_HL2-3	14	473242
236.634	0.049	ripple_AR1-2	38	473268
236.638	0.01	fr_AL3-4	3	473276
236.9085	0.074	ripple_AL1-2	35	473817
237.3145	0.109	ripple_AR1-2	38	474629
237.3455	0.049	ripple_AR2-3	39	474691
237.348	0.029	fr_HR1-2	16	474696
237.367	0.0565	ripple_PR2-3	56	474734
237.526	0.015	fr_EL1-2	7	475052
238.369	0.0475	ripple_AL1-2	35	476738
238.5565	0.051	ripple_ER1-2	44	477113
238.5565	0.051	fr_ER1-2	10	477113
238.5565	0.051	frandr_ER1-2	29	477113
238.56	0.0405	ripple_HR1-2	50	477120
238.6975	0.05	ripple_AR2-3	39	477395
239.4835	0.0435	ripple_HR1-2	50	478967
239.535	0.0505	ripple_AL3-4	37	479070
239.5465	0.0455	ripple_AL2-3	36	479093
239.606	0.0165	fr_AR2-3	5	479212
239.664	0.0765	ripple_PR2-3	56	479328
239.666	0.043	fr_PR1-2	22	479332
240.118	0.034	ripple_AL1-2	35	480236
240.2395	0.0635	ripple_AR1-2	38	480479
240.3795	0.0685	ripple_AR2-3	39	480759
240.386	0.046	ripple_AL2-3	36	480772
240.395	0.066	ripple_AL1-2	35	480790
240.397	0.06	ripple_HR1-2	50	480794
240.397	0.06	fr_HR1-2	16	480794
240.397	0.06	frandr_HR1-2	31	480794
240.409	0.0585	fr_AR1-2	4	480818
240.413	0.04	ripple_PR1-2	55	480826
240.413	0.04	fr_PR1-2	22	480826
240.413	0.04	frandr_PR1-2	33	480826
240.4335	0.014	fr_PR2-3	23	480867
240.592	0.0115	fr_PR1-2	22	481184
240.799	0.0155	fr_ER2-3	11	481598
241.0435	0.039	ripple_ER1-2	44	482087
241.8815	0.04	ripple_PR2-3	56	483763
242.1165	0.0235	ripple_HR1-2	50	484233
242.164	0.0115	fr_HR3-4	18	484328
242.338	0.042	ripple_ER1-2	44	484676
242.34	0.0145	fr_HR2-3	17	484680
242.351	0.047	ripple_HR1-2	50	484702
242.5375	0.0475	ripple_HR1-2	50	485075
242.54	0.0435	ripple_ER1-2	44	485080
242.692	0.096	ripple_AR1-2	38	485384
242.6955	0.044	ripple_HR1-2	50	485391
242.702	0.072	ripple_AR2-3	39	485404
242.748	0.0475	ripple_PR1-2	55	485496
242.762	0.0335	ripple_PR2-3	56	485524
242.8365	0.036	ripple_PR1-2	55	485673
243.0015	0.0465	ripple_HR1-2	50	486003
243.251	0.0425	ripple_ER1-2	44	486502
243.3005	0.0135	fr_HR2-3	17	486601
243.3375	0.074	ripple_HR1-2	50	486675
243.3385	0.054	ripple_HR2-3	51	486677
243.378	0.034	ripple_AR1-2	38	486756
243.45	0.0875	ripple_HR1-2	50	486900
243.4745	0.092	ripple_PR1-2	55	486949
243.4745	0.092	fr_PR1-2	22	486949
243.4745	0.092	frandr_PR1-2	33	486949
243.485	0.037	ripple_ER2-3	45	486970
243.487	0.052	ripple_AR1-2	38	486974
243.487	0.052	fr_AR1-2	4	486974
243.487	0.052	frandr_AR1-2	27	486974
243.491	0.0415	ripple_PR2-3	56	486982
243.622	0.036	ripple_HR1-2	50	487244
243.738	0.052	ripple_HR1-2	50	487476
243.744	0.0415	ripple_HR2-3	51	487488
243.749	0.0365	ripple_ER1-2	44	487498
243.749	0.0365	fr_ER1-2	10	487498
243.749	0.0365	frandr_ER1-2	29	487498
244.052	0.1025	ripple_PR1-2	55	488104
244.052	0.1025	fr_PR1-2	22	488104
244.052	0.1025	frandr_PR1-2	33	488104
244.0865	0.078	ripple_AR1-2	38	488173
244.197	0.092	ripple_HR1-2	50	488394
244.2065	0.045	ripple_ER1-2	44	488413
244.3945	0.047	ripple_HR1-2	50	488789
244.3995	0.0475	ripple_ER1-2	44	488799
244.525	0.058	ripple_AL1-2	35	489050
244.5475	0.0655	ripple_HR1-2	50	489095
245.0325	0.101	ripple_AR1-2	38	490065
245.06	0.0575	ripple_AR2-3	39	490120
245.07	0.042	ripple_AR3-4	40	490140
245.147	0.0415	ripple_AL1-2	35	490294
245.18	0.0345	ripple_AR1-2	38	490360
246.2605	0.039	ripple_AL1-2	35	492521
246.615	0.0385	ripple_ER1-2	44	493230
246.626	0.0505	ripple_HR2-3	51	493252
246.6385	0.0255	fr_HR1-2	16	493277
246.702	0.056	ripple_PR1-2	55	493404
246.702	0.056	fr_PR1-2	22	493404
246.702	0.056	frandr_PR1-2	33	493404
246.704	0.064	ripple_AR1-2	38	493408
246.704	0.064	fr_AR1-2	4	493408
246.704	0.064	frandr_AR1-2	27	493408
246.724	0.04	ripple_AR2-3	39	493448
246.731	0.028	fr_PR2-3	23	493462
246.7605	0.1105	ripple_HR1-2	50	493521
246.789	0.054	ripple_ER1-2	44	493578
246.7995	0.0465	ripple_ER2-3	45	493599
246.8045	0.046	ripple_HR2-3	51	493609
247.027	0.039	ripple_AR1-2	38	494054
247.097	0.062	ripple_PR1-2	55	494194
247.263	0.033	ripple_HR1-2	50	494526
247.926	0.0555	ripple_PL1-2	53	495852
248.275	0.038	ripple_HR1-2	50	496550
248.539	0.088	ripple_ER1-2	44	497078
248.551	0.0385	ripple_ER2-3	45	497102
248.558	0.064	ripple_HR2-3	51	497116
248.592	0.0455	ripple_AR1-2	38	497184
248.674	0.053	ripple_HR1-2	50	497348
248.8155	0.0405	ripple_ER1-2	44	497631
248.918	0.0795	ripple_PR1-2	55	497836
248.918	0.0795	fr_PR1-2	22	497836
248.918	0.0795	frandr_PR1-2	33	497836
248.9305	0.037	ripple_ER1-2	44	497861
248.934	0.0345	fr_HR1-2	16	497868
248.98	0.094	ripple_AL1-2	35	497960
248.9845	0.076	ripple_PL2-3	54	497969
249.0025	0.065	ripple_AL2-3	36	498005
249.571	0.0645	ripple_AR1-2	38	499142
249.6075	0.015	fr_PR2-3	23	499215
250.2575	0.0855	ripple_AR1-2	38	500515
250.348	0.0665	ripple_HR1-2	50	500696
250.63	0.0115	fr_HL1-2	13	501260
250.6675	0.035	ripple_EL3-4	43	501335
251.6055	0.054	ripple_ER1-2	44	503211
251.618	0.0425	ripple_HR1-2	50	503236
251.8365	0.058	ripple_ER1-2	44	503673
251.845	0.0265	ripple_AL1-2	35	503690
251.851	0.042	ripple_HR1-2	50	503702
252.148	0.0575	ripple_HR1-2	50	504296
252.5075	0.055	ripple_PR1-2	55	505015
252.661	0.014	fr_HR1-2	16	505322
253.141	0.133	ripple_HR1-2	50	506282
253.161	0.071	ripple_HR2-3	51	506322
253.18	0.038	ripple_ER1-2	44	506360
253.186	0.0875	ripple_PR1-2	55	506372
253.1895	0.0535	ripple_ER2-3	45	506379
253.428	0.014	fr_HR1-2	16	506856
254.0265	0.0845	ripple_AR1-2	38	508053
254.043	0.0645	ripple_PR1-2	55	508086
254.058	0.0655	ripple_PR2-3	56	508116
254.0655	0.011	fr_HL2-3	14	508131
254.4845	0.0645	ripple_AR1-2	38	508969
254.6435	0.0385	ripple_HR1-2	50	509287
254.664	0.048	ripple_HL2-3	48	509328
254.6785	0.0605	ripple_EL2-3	42	509357
254.6865	0.0375	ripple_HL1-2	47	509373
254.9065	0.0665	ripple_HR1-2	50	509813
254.91	0.057	ripple_HR2-3	51	509820
255.3315	0.053	ripple_AL1-2	35	510663
255.3315	0.053	fr_AL1-2	1	510663
255.3315	0.053	frandr_AL1-2	25	510663
255.3565	0.045	ripple_HL1-2	47	510713
255.3725	0.0225	fr_PL1-2	19	510745
255.939	0.0135	fr_ER2-3	11	511878
255.9955	0.057	ripple_AL2-3	36	511991
256.3955	0.013	fr_PR2-3	23	512791
256.496	0.073	ripple_EL3-4	43	512992
256.509	0.0295	ripple_EL1-2	41	513018
257.619	0.0355	ripple_EL3-4	43	515238
257.63	0.0395	ripple_EL1-2	41	515260
257.733	0.055	ripple_AL1-2	35	515466
257.9965	0.0405	ripple_PR1-2	55	515993
258.0815	0.1215	ripple_HR1-2	50	516163
258.0835	0.133	ripple_ER1-2	44	516167
258.252	0.041	ripple_EL1-2	41	516504
258.557	0.01	fr_HR3-4	18	517114
258.567	0.127	ripple_AL1-2	35	517134
258.567	0.127	fr_AL1-2	1	517134
258.567	0.127	frandr_AL1-2	25	517134
258.5705	0.039	ripple_HL1-2	47	517141
258.5845	0.036	ripple_AL3-4	37	517169
258.585	0.1125	ripple_AL2-3	36	517170
258.6615	0.041	ripple_HL1-2	47	517323
258.7625	0.0535	ripple_PL1-2	53	517525
258.8225	0.0605	ripple_AR1-2	38	517645
258.8255	0.054	ripple_ER1-2	44	517651
258.8385	0.043	ripple_HR1-2	50	517677
258.8385	0.043	fr_HR1-2	16	517677
258.8385	0.043	frandr_HR1-2	31	517677
259.131	0.0765	ripple_AR1-2	38	518262
259.1345	0.063	ripple_PR1-2	55	518269
259.1555	0.0345	ripple_PR2-3	56	518311
260.184	0.084	ripple_AR1-2	38	520368
260.214	0.059	ripple_AR2-3	39	520428
260.2345	0.038	ripple_HR1-2	50	520469
260.2345	0.038	fr_HR1-2	16	520469
260.2345	0.038	frandr_HR1-2	31	520469
260.3725	0.0545	ripple_HR1-2	50	520745
260.3795	0.052	ripple_ER1-2	44	520759
260.4975	0.035	ripple_AR1-2	38	520995
260.6845	0.0615	ripple_HR1-2	50	521369
260.806	0.0395	ripple_PL1-2	53	521612
260.9765	0.0325	ripple_AR1-2	38	521953
261.022	0.0385	ripple_PR1-2	55	522044
261.2075	0.0305	ripple_AL2-3	36	522415
261.597	0.0545	ripple_PL1-2	53	523194
262.4455	0.051	ripple_PL1-2	53	524891
262.45	0.072	ripple_AR1-2	38	524900
263.322	0.0915	ripple_ER1-2	44	526644
263.3235	0.096	ripple_HR1-2	50	526647
263.356	0.064	ripple_HR2-3	51	526712
263.454	0.0935	ripple_HR1-2	50	526908
263.457	0.068	ripple_HR2-3	51	526914
263.4725	0.04	ripple_HR3-4	52	526945
263.4725	0.066	ripple_AR1-2	38	526945
263.61	0.043	ripple_HR1-2	50	527220
263.7875	0.0815	ripple_AR1-2	38	527575
263.7875	0.0815	fr_AR1-2	4	527575
263.7875	0.0815	frandr_AR1-2	27	527575
263.794	0.0645	ripple_PR1-2	55	527588
264.0235	0.07	ripple_PR2-3	56	528047
264.0235	0.07	fr_PR2-3	23	528047
264.0235	0.07	frandr_PR2-3	34	528047
264.0245	0.0505	ripple_PR3-4	57	528049
264.0265	0.1105	ripple_AR1-2	38	528053
264.0265	0.1105	fr_AR1-2	4	528053
264.0265	0.1105	frandr_AR1-2	27	528053
264.029	0.068	fr_PR1-2	22	528058
264.0535	0.0655	ripple_AL1-2	35	528107
264.2835	0.015	fr_ER1-2	10	528567
264.3895	0.1015	ripple_AR1-2	38	528779
264.3895	0.1015	fr_AR1-2	4	528779
264.3895	0.1015	frandr_AR1-2	27	528779
264.427	0.0355	ripple_HR2-3	51	528854
264.639	0.098	ripple_PR1-2	55	529278
264.639	0.098	fr_PR1-2	22	529278
264.639	0.098	frandr_PR1-2	33	529278
264.6675	0.017	fr_PR2-3	23	529335
264.6745	0.0545	ripple_AR1-2	38	529349
264.6745	0.0545	fr_AR1-2	4	529349
264.6745	0.0545	frandr_AR1-2	27	529349
264.9735	0.0665	ripple_AR1-2	38	529947
264.9735	0.0665	fr_AR1-2	4	529947
264.9735	0.0665	frandr_AR1-2	27	529947
265.051	0.0135	fr_PR1-2	22	530102
265.056	0.039	ripple_PR2-3	56	530112
265.0645	0.0265	fr_AR1-2	4	530129
265.653	0.036	ripple_AL2-3	36	531306
266.0065	0.1155	ripple_PR1-2	55	532013
266.0635	0.0725	ripple_HR1-2	50	532127
266.0695	0.073	ripple_AR1-2	38	532139
266.081	0.1185	ripple_AR2-3	39	532162
266.082	0.046	ripple_PR2-3	56	532164
266.165	0.044	ripple_AR1-2	38	532330
266.8625	0.0555	ripple_AL1-2	35	533725
267.351	0.0735	ripple_HR1-2	50	534702
267.41	0.0335	ripple_HR2-3	51	534820
267.411	0.043	ripple_ER1-2	44	534822
267.508	0.058	ripple_ER1-2	44	535016
267.508	0.058	fr_ER1-2	10	535016
267.508	0.058	frandr_ER1-2	29	535016
267.511	0.071	ripple_HR1-2	50	535022
267.511	0.071	fr_HR1-2	16	535022
267.511	0.071	frandr_HR1-2	31	535022
267.574	0.0555	ripple_PR1-2	55	535148
267.6335	0.0525	ripple_AR1-2	38	535267
267.644	0.0475	ripple_PR2-3	56	535288
267.735	0.0115	fr_ER2-3	11	535470
267.819	0.0105	fr_AR1-2	4	535638
268.03	0.045	ripple_ER1-2	44	536060
268.291	0.0125	fr_EL2-3	8	536582
268.9185	0.0145	fr_HR1-2	16	537837
268.925	0.0655	ripple_AL1-2	35	537850
269.6085	0.038	ripple_PR1-2	55	539217
269.7095	0.041	ripple_HR1-2	50	539419
269.711	0.0425	ripple_ER1-2	44	539422
270.0725	0.0395	ripple_ER1-2	44	540145
270.0815	0.1105	ripple_HR1-2	50	540163
270.216	0.1925	ripple_AR1-2	38	540432
270.216	0.1925	fr_AR1-2	4	540432
270.216	0.1925	frandr_AR1-2	27	540432
270.2285	0.037	ripple_HR1-2	50	540457
270.3495	0.0295	fr_PR1-2	22	540699
270.359	0.0325	ripple_PR2-3	56	540718
270.3775	0.0195	fr_EL3-4	9	540755
270.4305	0.0625	ripple_ER1-2	44	540861
270.447	0.087	ripple_HR1-2	50	540894
270.458	0.0425	ripple_HR2-3	51	540916
270.576	0.0425	ripple_ER1-2	44	541152
270.5775	0.0745	ripple_HR1-2	50	541155
270.586	0.066	ripple_HR2-3	51	541172
270.691	0.045	ripple_AR1-2	38	541382
270.7155	0.0405	ripple_ER1-2	44	541431
270.7185	0.1095	ripple_HR1-2	50	541437
270.721	0.048	ripple_HR2-3	51	541442
270.7875	0.047	ripple_PR1-2	55	541575
270.9185	0.056	ripple_ER1-2	44	541837
271.0815	0.0735	ripple_AL1-2	35	542163
271.1245	0.055	ripple_ER1-2	44	542249
271.1835	0.0505	ripple_PL1-2	53	542367
271.1965	0.0945	ripple_AL1-2	35	542393
271.5345	0.013	fr_ER3-4	12	543069
271.6745	0.039	ripple_PR2-3	56	543349
271.6775	0.051	ripple_AR1-2	38	543355
272.0715	0.0875	ripple_AR1-2	38	544143
273.076	0.0565	ripple_EL3-4	43	546152
273.88	0.0745	ripple_PR1-2	55	547760
274.0285	0.0785	ripple_PL2-3	54	548057
274.04	0.0535	ripple_PR2-3	56	548080
274.061	0.05	ripple_PL1-2	53	548122
274.0615	0.0475	ripple_AR1-2	38	548123
274.3575	0.0925	ripple_ER1-2	44	548715
274.656	0.0335	ripple_AR1-2	38	549312
274.755	0.062	ripple_ER1-2	44	549510
274.7745	0.05	ripple_HR1-2	50	549549
275.111	0.094	ripple_HR1-2	50	550222
275.2135	0.0515	ripple_AL1-2	35	550427
275.637	0.011	fr_HR1-2	16	551274
275.8785	0.06	ripple_AR1-2	38	551757
275.893	0.0525	ripple_PR1-2	55	551786
276.5875	0.068	ripple_AR1-2	38	553175
276.6245	0.028	ripple_HR1-2	50	553249
276.7545	0.04	ripple_HR1-2	50	553509
276.7545	0.04	fr_HR1-2	16	553509
276.7545	0.04	frandr_HR1-2	31	553509
276.967	0.072	ripple_HR1-2	50	553934
276.9945	0.015	fr_ER1-2	10	553989
277.1565	0.038	ripple_PR1-2	55	554313
277.79	0.076	ripple_HR1-2	50	555580
277.802	0.055	ripple_ER1-2	44	555604
277.894	0.085	ripple_AL1-2	35	555788
278.3725	0.0135	fr_AL3-4	3	556745
278.405	0.0155	fr_AL2-3	2	556810
278.49	0.0485	ripple_PR1-2	55	556980
278.821	0.0495	ripple_AR1-2	38	557642
278.934	0.043	ripple_AR2-3	39	557868
279.4415	0.013	fr_AL2-3	2	558883
279.916	0.148	ripple_AL1-2	35	559832
279.978	0.0385	ripple_AL2-3	36	559956
279.995	0.0325	ripple_HL1-2	47	559990
280.029	0.0715	ripple_HR1-2	50	560058
280.029	0.0715	fr_HR1-2	16	560058
280.029	0.0715	frandr_HR1-2	31	560058
280.077	0.071	ripple_AR2-3	39	560154
280.48	0.0325	ripple_PL1-2	53	560960
280.6765	0.044	ripple_ER1-2	44	561353
281.406	0.02	fr_EL3-4	9	562812
281.965	0.0395	ripple_HR1-2	50	563930
282.262	0.1215	ripple_HR1-2	50	564524
282.262	0.1215	fr_HR1-2	16	564524
282.262	0.1215	frandr_HR1-2	31	564524
282.2685	0.0845	ripple_ER2-3	45	564537
282.302	0.062	ripple_HR2-3	51	564604
282.5715	0.0645	ripple_AL1-2	35	565143
282.5715	0.0645	fr_AL1-2	1	565143
282.5715	0.0645	frandr_AL1-2	25	565143
282.808	0.112	ripple_AL2-3	36	565616
282.827	0.0825	ripple_PL2-3	54	565654
282.8405	0.054	ripple_PL1-2	53	565681
283.288	0.064	ripple_AL1-2	35	566576
284.1	0.011	fr_AR2-3	5	568200
284.141	0.0735	fr_PR1-2	22	568282
284.154	0.038	ripple_PR3-4	57	568308
284.1615	0.0375	ripple_PR2-3	56	568323
284.1615	0.0375	fr_PR2-3	23	568323
284.1615	0.0375	frandr_PR2-3	34	568323
284.1625	0.0865	ripple_AR1-2	38	568325
284.21	0.0105	fr_HR1-2	16	568420
284.2445	0.0445	ripple_PR1-2	55	568489
284.285	0.1135	ripple_AR1-2	38	568570
284.4365	0.041	ripple_ER1-2	44	568873
284.476	0.0445	ripple_AR1-2	38	568952
284.501	0.077	ripple_AR2-3	39	569002
284.508	0.0985	ripple_PR1-2	55	569016
284.533	0.0855	ripple_HR1-2	50	569066
284.5445	0.0595	ripple_HR2-3	51	569089
284.664	0.0375	ripple_HR1-2	50	569328
284.9655	0.042	ripple_HR1-2	50	569931
284.966	0.0485	ripple_ER1-2	44	569932
285.3475	0.082	ripple_AL1-2	35	570695
285.3475	0.082	fr_AL1-2	1	570695
285.3475	0.082	frandr_AL1-2	25	570695
285.7835	0.0405	ripple_AL1-2	35	571567
285.7845	0.157	ripple_PR1-2	55	571569
285.7845	0.157	fr_PR1-2	22	571569
285.7845	0.157	frandr_PR1-2	33	571569
285.89	0.062	ripple_AR1-2	38	571780
285.896	0.0255	fr_PR2-3	23	571792
285.9295	0.076	ripple_ER1-2	44	571859
285.9455	0.064	ripple_HR1-2	50	571891
286.108	0.0865	ripple_HR1-2	50	572216
286.12	0.0535	ripple_AR2-3	39	572240
286.162	0.012	fr_PL1-2	19	572324
286.212	0.0665	ripple_PR1-2	55	572424
286.214	0.038	ripple_AR2-3	39	572428
286.215	0.1345	ripple_HR1-2	50	572430
286.224	0.0395	ripple_HR2-3	51	572448
286.3065	0.0515	ripple_ER1-2	44	572613
286.3135	0.035	ripple_ER2-3	45	572627
286.729	0.046	ripple_AL1-2	35	573458
287.479	0.088	ripple_HR1-2	50	574958
287.4865	0.0745	ripple_HR2-3	51	574973
287.495	0.0865	ripple_ER1-2	44	574990
287.536	0.05	ripple_AR1-2	38	575072
288.052	0.0495	ripple_AR1-2	38	576104
288.3185	0.0455	ripple_AR1-2	38	576637
288.3185	0.0455	fr_AR1-2	4	576637
288.3185	0.0455	frandr_AR1-2	27	576637
288.532	0.0115	fr_AL3-4	3	577064
288.6295	0.057	ripple_AL1-2	35	577259
288.833	0.125	ripple_EL3-4	43	577666
288.851	0.055	ripple_HL3-4	49	577702
288.875	0.0375	ripple_EL2-3	42	577750
289.712	0.039	ripple_PR2-3	56	579424
289.7165	0.052	ripple_PR1-2	55	579433
289.7315	0.0355	ripple_AR1-2	38	579463
290.8605	0.011	fr_AL3-4	3	581721
290.8945	0.0105	fr_ER3-4	12	581789
291.022	0.0315	ripple_HR1-2	50	582044
291.229	0.072	ripple_HR1-2	50	582458
291.235	0.039	ripple_ER1-2	44	582470
291.3675	0.0395	ripple_HR1-2	50	582735
291.3675	0.0395	fr_HR1-2	16	582735
291.3675	0.0395	frandr_HR1-2	31	582735
291.384	0.076	ripple_PR1-2	55	582768
291.4175	0.0535	ripple_AR1-2	38	582835
291.4605	0.1085	ripple_AL1-2	35	582921
291.5	0.0165	fr_AR1-2	4	583000
291.5025	0.0245	fr_HR1-2	16	583005
291.569	0.036	ripple_PL1-2	53	583138
291.6325	0.012	fr_AL1-2	1	583265
291.706	0.061	ripple_AR2-3	39	583412
291.708	0.0435	ripple_AR1-2	38	583416
291.941	0.033	ripple_AL2-3	36	583882
291.959	0.037	ripple_HR1-2	50	583918
291.959	0.037	fr_HR1-2	16	583918
291.959	0.037	frandr_HR1-2	31	583918
291.9635	0.0235	ripple_HR2-3	51	583927
292.4965	0.0495	ripple_AL1-2	35	584993
292.6025	0.041	ripple_AL1-2	35	585205
292.816	0.012	fr_EL2-3	8	585632
292.8285	0.053	ripple_PL1-2	53	585657
292.85	0.05	ripple_PL2-3	54	585700
292.8555	0.0765	ripple_AL2-3	36	585711
292.8615	0.041	ripple_AL3-4	37	585723
292.882	0.0405	ripple_AL1-2	35	585764
293.1855	0.084	ripple_AR1-2	38	586371
293.1875	0.0975	ripple_PR1-2	55	586375
293.189	0.0395	ripple_PR2-3	56	586378
293.383	0.013	fr_ER2-3	11	586766
293.4105	0.0475	ripple_PR1-2	55	586821
293.7285	0.0535	ripple_AL2-3	36	587457
294.097	0.0445	ripple_HL2-3	48	588194
294.098	0.042	ripple_EL3-4	43	588196
294.206	0.0375	ripple_AR2-3	39	588412
294.297	0.0395	ripple_AR1-2	38	588594
294.357	0.065	ripple_AR1-2	38	588714
294.514	0.036	ripple_AL1-2	35	589028
294.528	0.036	ripple_AL2-3	36	589056
294.7395	0.0205	fr_AR1-2	4	589479
294.8475	0.0435	ripple_AL2-3	36	589695
294.8655	0.057	ripple_AR1-2	38	589731
295.0545	0.08	ripple_AR1-2	38	590109
295.124	0.0365	ripple_AL1-2	35	590248
295.4785	0.0535	ripple_PR1-2	55	590957
295.503	0.0765	ripple_AR2-3	39	591006
295.536	0.045	ripple_HR1-2	50	591072
295.536	0.045	fr_HR1-2	16	591072
295.536	0.045	frandr_HR1-2	31	591072
295.5515	0.0115	fr_AR1-2	4	591103
295.629	0.02	fr_HL3-4	15	591258
295.824	0.065	ripple_AL1-2	35	591648
296.085	0.0485	ripple_ER1-2	44	592170
296.0975	0.036	ripple_HR1-2	50	592195
296.245	0.0665	ripple_HR1-2	50	592490
296.257	0.0595	ripple_ER1-2	44	592514
296.396	0.034	ripple_HR1-2	50	592792
296.4	0.0445	ripple_ER1-2	44	592800
296.4345	0.1255	ripple_AR1-2	38	592869
297.1565	0.125	ripple_AL1-2	35	594313
297.204	0.0495	ripple_PR1-2	55	594408
297.204	0.0495	fr_PR1-2	22	594408
297.204	0.0495	frandr_PR1-2	33	594408
297.216	0.0485	ripple_PR2-3	56	594432
297.311	0.0575	ripple_HR1-2	50	594622
297.3315	0.045	ripple_AR1-2	38	594663
297.5375	0.074	ripple_HR2-3	51	595075
297.539	0.069	ripple_HR1-2	50	595078
297.6825	0.0465	ripple_ER1-2	44	595365
297.6855	0.0385	ripple_HR1-2	50	595371
298.5045	0.0375	ripple_AL1-2	35	597009
298.517	0.059	ripple_PL1-2	53	597034
298.6105	0.0305	ripple_HR1-2	50	597221
298.7945	0.037	ripple_AL1-2	35	597589
298.912	0.0195	fr_HR1-2	16	597824
299.002	0.0595	ripple_HL3-4	49	598004
299.011	0.0505	ripple_HL2-3	48	598022
299.0125	0.062	ripple_HL1-2	47	598025
299.0235	0.0555	ripple_AL2-3	36	598047
299.024	0.0515	ripple_AL1-2	35	598048
299.7045	0.029	ripple_PL1-2	53	599409
299.71	0.038	ripple_PR2-3	56	599420